ID,RiskScore
0,32.24497157353943
1,54.37066579500345
2,29.729384773374022
3,34.37749799579598
4,34.30336821846291
5,69.5232520785064
6,29.581040286827147
7,31.36209965492361
8,34.47370338404218
9,68.88767519828039
10,34.45489405970994
11,29.58277957790372
12,70.85661615778312
13,36.876841703942944
14,34.80960682858421
15,60.31932634956176
16,24.88328074318269
17,33.80050286485255
18,64.61724238810291
19,60.66986586855849
20,72.94448346864058
21,33.84026748213745
22,70.07178021159199
23,43.69972813669826
24,47.90043379350317
25,27.494966704171077
26,29.461633329801828
27,27.101091747161718
28,54.00702405278737
29,73.77991124194801
30,30.61047922791775
31,65.57072955899758
32,31.57570942010574
33,30.958218840292318
34,38.641738142751194
35,36.36052537287924
36,67.06518073357185
37,56.76181039805522
38,51.66233548676225
39,70.71760904265685
40,71.87374411242325
41,45.86303533249509
42,78.7374340245439
43,24.88328074318269
44,54.08296615321231
45,29.331830341969862
46,34.58367388575772
47,68.49125529620008
48,28.05311757273853
49,37.353975837027974
50,66.56893227764118
51,57.7887958337856
52,42.901363740069996
53,25.984263066044207
54,33.93665958934022
55,37.86073282327042
56,68.76690172933274
57,37.96267521146757
58,42.71016014518841
59,64.4451120831128
60,65.8995100547263
61,49.78878212120236
62,31.14938566919875
63,78.79928223004974
64,27.30044692526451
65,33.883145455573754
66,62.27216859896873
67,62.43089700619012
68,39.26955456219548
69,69.2336331459507
70,36.362321397024175
71,44.2033541829411
72,51.48135340334922
73,58.40456603195963
74,46.53876023347783
75,68.64726650294631
76,68.69731817736027
77,24.88328074318269
78,48.95663194505801
79,60.69134046494253
80,70.34298408377776
81,52.13695181465958
82,62.895834186973815
83,35.45655400907529
84,69.30866543244036
85,73.5708364903424
86,66.2491368208919
87,24.88328074318269
88,37.22949698789982
89,71.7824204787091
90,35.36029405881291
91,42.64380792476905
92,40.25300854319528
93,30.443784162140048
94,43.58986266640832
95,40.771270186033064
96,31.258703447634474
97,69.01938796536317
98,40.61775304676598
99,65.20664306315749
100,34.90306672396025
101,33.321957954248376
102,69.60498659314183
103,75.59207405210171
104,32.2994483644967
105,77.78685186611523
106,75.65876339953942
107,69.7190725764147
108,37.17836815930582
109,70.79010746709099
110,50.864220525593566
111,68.86295662729347
112,77.45711153684627
113,61.82562111368364
114,68.96197353041711
115,31.883130534412885
116,71.87405302470705
117,53.593467344258784
118,41.4742037783592
119,48.99777825153322
120,24.88328074318269
121,76.00978738490653
122,34.402334019021595
123,50.37073544635855
124,33.51865886327815
125,58.26098981501531
126,24.88328074318269
127,28.889260776806736
128,34.603707385589814
129,63.95672264642002
130,30.64606202957458
131,70.01809560466879
132,72.43292299784063
133,78.02147855080128
134,25.63590152558089
135,38.215503228700285
136,24.88328074318269
137,45.31181982119304
138,31.561664803184613
139,49.901028029787916
140,41.72008130976736
141,37.80769098994854
142,25.62888025442163
143,25.810026590620396
144,63.98815150676802
145,31.601905918983846
146,47.16367230512711
147,62.134953154481195
148,67.91862192338195
149,66.3637566604165
150,45.11841612886929
151,30.461518527732494
152,76.58626077846009
153,42.1991194462116
154,61.68915571256811
155,29.738499703887555
156,68.33935347283463
157,65.22184795344788
158,71.48270237141128
159,71.04567806541624
160,33.11271590656875
161,36.6580039435197
162,73.02733095246137
163,36.384878606241614
164,43.21495660513527
165,50.2996129317888
166,40.35883110495013
167,33.705836265957714
168,39.99716935903922
169,29.960664223203253
170,39.01975498252797
171,49.324852519996654
172,68.50664586568175
173,45.73809652187424
174,30.7733111220151
175,60.659548955020966
176,47.98696018353168
177,46.0921666492211
178,43.1734308900173
179,71.9847246519086
180,47.81998643502857
181,28.8873169311114
182,59.651350877129346
183,67.7903183730366
184,73.96228508908163
185,64.85161773280458
186,71.08560019554423
187,58.881453820683305
188,33.26428029175406
189,24.88328074318269
190,31.540813112334718
191,72.66978088621633
192,51.17535410093477
193,28.162750092809915
194,69.36324980658043
195,24.88328074318269
196,32.54043067004301
197,60.51465339022468
198,62.937012599764444
199,35.18073094483367
200,29.053550319595786
201,54.83947764731846
202,33.97846219268382
203,34.16258588964587
204,71.3972181773256
205,59.05241169735979
206,69.37950333522218
207,36.76241673627129
208,47.74823467318231
209,59.777035972051486
210,29.87288867678913
211,30.65386387148999
212,73.94738423513965
213,66.53968896489715
214,38.58644082524023
215,55.47456400503404
216,63.42638265505303
217,62.22695887348004
218,49.36231396803538
219,31.176905864292337
220,31.597059963014715
221,35.222560064125105
222,31.23336792963221
223,53.28083798043298
224,29.087577872448946
225,64.6339636483116
226,63.77370343248755
227,37.158836067939944
228,39.65348334038312
229,42.213744920286615
230,55.05531287172893
231,49.71783940144849
232,34.850769789682886
233,46.750740169906024
234,73.951170208306
235,63.79340536945398
236,29.3578979457331
237,47.61149032837041
238,68.67052363464592
239,30.50436302535411
240,68.53305798974742
241,71.64329767516067
242,44.84879281058448
243,65.81431366040934
244,67.88699031127913
245,66.23364652581702
246,24.88328074318269
247,43.82069801587619
248,76.03635093413253
249,24.88328074318269
250,66.72518397917561
251,34.09075491548782
252,37.22687117367016
253,71.33252860307196
254,51.201535061777236
255,31.69669040086029
256,54.43775956431912
257,73.24982101617917
258,64.89174453531082
259,30.60521063263053
260,49.94922961392428
261,46.932939113311114
262,28.090903205305437
263,75.07005484659265
264,66.57297723014418
265,27.699647195277464
266,45.02841930259572
267,27.755343683321655
268,65.08342963226175
269,73.46570466840774
270,52.76502320995121
271,75.92683930609076
272,31.803587296980822
273,41.77587651394475
274,28.52001814561757
275,47.91320523385983
276,63.40830366972574
277,36.80588368797327
278,57.35163840123883
279,29.63702763804298
280,61.06000293703613
281,60.60254898927934
282,51.895520775622714
283,54.66148761623995
284,36.721922109233674
285,31.273941500587853
286,30.324304991831127
287,70.70495493408879
288,50.23607723829488
289,35.4789338143259
290,46.81338023497416
291,36.30992002876076
292,55.320164311493485
293,71.1662287458447
294,33.073175833657615
295,70.01902182300955
296,75.80640698895436
297,33.76208657299496
298,39.396961165093735
299,72.75240985536973
300,47.40373039952374
301,76.02176004859388
302,49.43334155165738
303,35.057030920420175
304,60.644738828161536
305,28.86442940560346
306,37.004744911384705
307,68.6797851882987
308,52.37968948526944
309,30.44261586072723
310,69.50029812297853
311,52.017716831776454
312,42.14981725442888
313,44.2690903809669
314,69.14403578615679
315,74.75481638049493
316,38.93513646516248
317,33.788044529600086
318,57.90189766779045
319,34.4708370280926
320,28.432128563512777
321,36.49744617260535
322,69.64811532222967
323,63.911321253591865
324,78.79928223004974
325,35.39802804626194
326,69.61269640648618
327,31.831664378252924
328,46.2731412200429
329,30.082885360942953
330,38.02240944502745
331,75.98216289299506
332,24.88328074318269
333,72.25230964800147
334,57.87699135684409
335,66.47112244917093
336,64.13699686611898
337,24.88328074318269
338,32.767834810235286
339,42.11777585537902
340,70.31490996832713
341,76.14989142415773
342,70.74490299973812
343,63.78486074374362
344,33.67438357977181
345,34.15605605654332
346,40.54159721384296
347,36.41737830008901
348,43.0293281346716
349,24.98045411610873
350,46.68594734289465
351,33.130668815342915
352,53.76273652518938
353,24.88328074318269
354,24.88328074318269
355,32.19119733499596
356,24.88328074318269
357,27.11947873692202
358,32.35999815671562
359,68.32840559415146
360,30.91280315679569
361,28.28947028300172
362,33.1857022938396
363,63.46327505506423
364,55.483172367207686
365,46.28292026659907
366,52.62420885157454
367,30.198562049397196
368,60.67662441745699
369,52.22847065814287
370,37.479433123562046
371,25.086713189400683
372,34.69002127984925
373,71.00791798970448
374,52.66607153297912
375,37.65862564608331
376,25.98087850707509
377,63.87548895171932
378,54.262056989956136
379,64.86873793449934
380,36.10774631749851
381,30.37342981190784
382,61.78344876052333
383,66.38251494536036
384,40.92726411281877
385,61.64933067013055
386,27.26758618845861
387,33.28921763984698
388,55.635627106990995
389,33.35754350906555
390,72.18740558665388
391,67.86549716672579
392,64.77141706749158
393,41.315244826128264
394,75.33749715183492
395,71.5631210245308
396,33.93731379338681
397,26.045110577755935
398,63.74098433000907
399,35.36872455291552
400,45.65652214686452
401,67.30188938178537
402,28.964116842444867
403,68.94119138828017
404,69.22761026657969
405,55.329125933583754
406,30.755254567651605
407,61.62755215018262
408,42.73859462981048
409,29.76792601721644
410,35.79080634608715
411,38.22184576079127
412,33.12745843925882
413,41.33624888998418
414,63.18202823527338
415,51.33088514755289
416,44.94225334816275
417,39.92353648093007
418,27.663521398698038
419,40.83225967012885
420,24.88328074318269
421,41.22366745667193
422,32.96578510039069
423,54.9081685119045
424,26.538094317211403
425,49.51278957411567
426,32.190318045211114
427,33.094795007459425
428,51.8713548681124
429,31.898667187531316
430,60.89979942855342
431,32.162564317779015
432,68.86763563708041
433,59.875157489462524
434,71.89303653333774
435,55.43531009918149
436,28.163207835150388
437,70.30760199234348
438,44.70559459219143
439,47.68335106854307
440,69.99143576644735
441,29.8504724554399
442,69.43089150449308
443,68.23137951031079
444,66.34405276019427
445,68.50648527938529
446,70.51897879377685
447,55.06226337915788
448,56.67940979728988
449,72.41676234041685
450,65.49608523181095
451,69.94692922621465
452,29.721709355221265
453,56.85524591853501
454,58.63245365216318
455,45.796552637123575
456,45.86520305210223
457,50.828286516016846
458,41.58219050924416
459,57.21454541995524
460,34.093524484784496
461,34.81301552399981
462,28.627746899698593
463,48.25928402516746
464,26.07152399667757
465,56.727823623677864
466,26.234216950550376
467,61.383546550811076
468,40.593795880500785
469,72.72253193918624
470,56.373050866478636
471,68.87005249669573
472,33.40314609838279
473,33.592133449417474
474,28.95649277631776
475,69.90703242702452
476,25.41307821606125
477,73.48505928267443
478,29.518847103417556
479,60.09631834839726
480,60.64434083882129
481,42.64057146941757
482,68.6085710874965
483,39.33239957670483
484,36.28933051250925
485,61.14559505129927
486,67.61314024013177
487,32.771380409236315
488,74.43039457050841
489,26.58043269447336
490,70.02138706764825
491,37.11827440663126
492,67.30257945960508
493,30.670273020528015
494,67.79469689910525
495,35.76477529439563
496,74.07295279081885
497,68.77001826500842
498,37.97974585049994
499,32.01250542991829
500,56.6958174502724
501,44.3829201429009
502,72.9766992372846
503,29.898488564322406
504,45.74707140132191
505,48.972953114784104
506,42.217274906621526
507,71.73705669974225
508,27.52006912851749
509,72.66349110340988
510,38.328142747681056
511,66.77709032183111
512,29.263355477790924
513,78.79928223004974
514,62.03234184398751
515,36.865265676202625
516,42.85712375801059
517,48.8140137295199
518,44.862437919336
519,47.23502815722598
520,69.95028635272047
521,69.95172279855919
522,73.13493340725051
523,27.77703930466066
524,36.140270663509085
525,67.3361774378794
526,45.72569738928888
527,54.07251994544578
528,25.42968899070928
529,36.709069747560136
530,29.934714823076433
531,27.96996164143013
532,37.45742143234409
533,58.7732264205024
534,54.99104974888874
535,30.73217003218349
536,57.12487041152312
537,75.34902279320909
538,69.24093905332612
539,73.72298742289564
540,64.39105782570458
541,36.96891010830302
542,76.4376776136042
543,44.157871821154004
544,62.81923088674796
545,74.18388036655679
546,71.87797065072078
547,68.09890750423887
548,66.18074395858253
549,56.29339226422593
550,39.41910556362375
551,30.758275007360766
552,56.47594873291325
553,30.681892321050896
554,75.13680057885034
555,45.00292557158977
556,36.654204889726486
557,35.78256619809167
558,70.9882916134369
559,42.56541997543124
560,32.1471695482073
561,67.22858121568919
562,72.65201647413866
563,67.03476784994965
564,29.673994429540244
565,75.22690753192683
566,64.70018685999091
567,48.63020739313049
568,60.87322421304256
569,35.37492330455132
570,71.81401505691028
571,28.787216746732838
572,72.08156042963836
573,51.951024738304845
574,48.44051279070794
575,42.09552975075073
576,42.80384986659794
577,27.58751874178907
578,55.86155255641927
579,31.330326934534753
580,28.202230368457492
581,31.727012230004846
582,73.6915330695505
583,42.45471512003479
584,39.044933264040594
585,30.230376656117357
586,71.8373849871
587,41.777270332456624
588,46.478617052689465
589,30.10428852464247
590,67.0684927605534
591,43.71888868477157
592,78.58342211484421
593,59.16563258797248
594,63.94308213648162
595,30.820595898834426
596,65.45155439626059
597,39.211770996475636
598,47.53569677314076
599,57.484770637608534
600,32.51438931935938
601,69.17395926737836
602,60.83496842836922
603,65.5705741474543
604,64.68563749794748
605,38.355682639199244
606,36.412468305504234
607,64.64568679626062
608,35.79810558349226
609,32.42596916440658
610,64.51278362731446
611,46.3210914765887
612,36.54357234441102
613,36.24859991847771
614,35.944282167594565
615,40.9155747892313
616,33.908474776139656
617,29.529220776909767
618,55.5920928266343
619,34.29728420416103
620,37.331567973584924
621,57.0012471541973
622,66.58646653612297
623,60.222526862187124
624,34.336278088726914
625,78.79928223004974
626,48.57540691621607
627,70.83310153395627
628,77.64968212037085
629,34.436823953658404
630,38.423321486237796
631,36.51937287462653
632,72.58217996678482
633,36.198966954793605
634,34.138957944051526
635,41.44861024916776
636,33.25080349305017
637,69.25371666776908
638,31.525402893109003
639,74.93454254647759
640,69.75599324070717
641,42.55076065628046
642,35.159651703446
643,67.37687237829329
644,59.28591113405946
645,29.55084531923444
646,70.69249215384806
647,63.97760318544758
648,51.99355121673773
649,78.79928223004974
650,30.790769426791087
651,29.755211557032055
652,24.88328074318269
653,34.43044626594593
654,30.33171372720335
655,42.6668753139357
656,27.583581466217936
657,76.51707870845289
658,38.029214868183715
659,41.989904311995346
660,40.871965936168706
661,25.50019318839685
662,27.818447097482874
663,36.13066045402633
664,40.9521276659491
665,73.07275273628775
666,27.321429320025032
667,38.949177273910806
668,61.613773680427954
669,34.15795555850727
670,32.10542077609409
671,28.627807545012786
672,24.88328074318269
673,36.1531413067268
674,34.15805280646674
675,70.01350559265319
676,50.001971742970305
677,34.21773184756421
678,38.1982128652531
679,76.29787200065505
680,65.18904314412919
681,41.12366055662633
682,35.00530217805175
683,49.41310370532031
684,29.917737872947043
685,48.373940284166636
686,69.78501272353311
687,34.62567003812711
688,78.21838357353542
689,60.35467995376773
690,39.02191805173493
691,61.272802502584256
692,62.573114198991206
693,34.2579824462681
694,26.41502424066016
695,70.85142772236719
696,55.28303795279342
697,72.61771872805335
698,74.45613595713363
699,34.56722638746089
700,57.321187616319435
701,37.94296283754639
702,28.805203137728824
703,33.042025575987225
704,29.628886860472335
705,27.7875194656404
706,45.06572946714414
707,69.62326169871682
708,57.196776226428454
709,43.10797977836104
710,64.5167340654572
711,54.00429883372482
712,34.589425133564816
713,69.35819251784844
714,69.954293286513
715,24.88328074318269
716,30.239737939828274
717,63.65160744120638
718,36.69802898920986
719,44.640143767291306
720,65.03727156955028
721,67.96211478988079
722,30.286702486542822
723,30.866304098175647
724,64.78957671624386
725,46.28539401207753
726,30.631762768215822
727,60.41319639903247
728,74.13088785521546
729,30.359017205383623
730,30.036198593786196
731,50.246181832480914
732,29.835416521774277
733,44.471367436198236
734,46.76102772715036
735,28.86878901097839
736,66.0555490800991
737,46.710246687196744
738,41.19646539571187
739,27.81412869960903
740,31.397743985028626
741,67.2582295336806
742,51.75465392008633
743,37.09038417405584
744,31.397831090844193
745,50.28860775252761
746,57.35312505227279
747,58.97395361428124
748,34.74693264233066
749,44.093698094441834
750,70.12028437424598
751,45.5103443741279
752,78.79928223004974
753,40.462317314027445
754,37.241717207619416
755,48.42850932102061
756,24.88328074318269
757,72.2167104089128
758,69.01047588453119
759,55.05214808893399
760,30.553237312098474
761,42.40105475311171
762,45.73593914633403
763,42.27079533572979
764,72.59122920944694
765,70.9149293053135
766,28.90935611868082
767,78.79928223004974
768,29.09336105419453
769,42.576210215749306
770,31.79217604981099
771,73.45075818157477
772,66.00018891669933
773,28.602756591898185
774,31.46287417762477
775,42.00628940725221
776,39.40116772787064
777,32.97886281894711
778,32.19430066960902
779,34.414375007222816
780,44.15250052134371
781,48.843276071844194
782,77.04323341530716
783,75.03795373958957
784,38.89623439844041
785,27.796265223191767
786,51.464490469077475
787,69.84911140260738
788,65.52791247100834
789,42.58692783604718
790,67.55107089863355
791,32.744449721627575
792,31.519964391361285
793,36.64692501984831
794,73.62706536141823
795,39.624413676953154
796,47.51248152298548
797,30.75427077448427
798,71.49248957412414
799,72.23202124856584
800,65.39435060482884
801,50.0094030858391
802,27.85414313867477
803,53.97806412914997
804,71.81158073912258
805,68.91246352162466
806,63.33306242254557
807,55.87516774780883
808,66.30347214939724
809,49.019396920546924
810,75.4123473995195
811,52.26421099805975
812,29.42455463114851
813,73.45744975185309
814,51.30039370928091
815,77.10104633635771
816,24.88328074318269
817,45.63382313331465
818,71.05749680430807
819,33.615789815177834
820,36.41746993183176
821,47.53085660322746
822,47.1140549261971
823,64.35878483179425
824,71.46622817445763
825,78.79928223004974
826,56.67749805134653
827,40.89819913913735
828,28.10714610802438
829,38.88242291992394
830,35.90045451785346
831,69.85250768799295
832,45.419433731306356
833,48.03713055277643
834,26.616214646318014
835,59.42979768540283
836,30.964806234395184
837,31.001282929560233
838,32.78469313868351
839,52.74309555892091
840,70.14642664263471
841,71.96120519656603
842,62.38670928687807
843,56.59511893682287
844,78.79928223004974
845,38.39844742441592
846,46.70280863404548
847,33.056713838824294
848,69.92462739499857
849,40.557871817872154
850,28.739450239264414
851,59.02182491043999
852,48.76809282042211
853,34.3030630936305
854,32.07826482117139
855,32.654211324691516
856,60.24841321676243
857,28.24368043854679
858,34.419937376815795
859,64.94841187631114
860,32.06090806772215
861,37.61652234868055
862,49.99169368530589
863,26.971731688599846
864,29.2537995612156
865,47.20274328258432
866,78.79928223004974
867,32.25836122286702
868,44.49528028441133
869,62.639363940012714
870,27.181656117128853
871,30.13158029618154
872,56.92199896632795
873,48.540076683810014
874,24.88328074318269
875,68.95951319305442
876,32.7494261108767
877,31.51275263186352
878,43.04027159766074
879,24.88328074318269
880,31.418976884080394
881,31.49800062140099
882,70.71075652099844
883,32.61340378382806
884,48.59702227125901
885,28.632605381219605
886,54.03918329769081
887,61.16336286344932
888,71.22502192776221
889,53.42895569986925
890,33.29503589280057
891,28.053953403966347
892,73.43898934135672
893,39.099427026872206
894,38.878812306301924
895,24.88328074318269
896,52.88229419031768
897,45.171745066485364
898,43.36018701403934
899,71.02042296962478
900,26.121219223335146
901,69.26845800624335
902,76.45444288559915
903,70.21396770327527
904,57.719042084169786
905,76.84175085906797
906,46.5594390565673
907,70.71800904166147
908,47.18656824481171
909,53.35545233517138
910,49.69850434670044
911,72.55869840615085
912,74.67429606895817
913,70.23249571778734
914,31.52278289389909
915,44.61908389672232
916,58.4207227631004
917,50.87229262880804
918,28.288734195183736
919,36.18807294722171
920,26.439278233934886
921,32.462074970725496
922,51.78163347029627
923,45.16406400497681
924,66.73351566560171
925,78.39044931735704
926,54.93608201579171
927,33.004533755820034
928,38.114219782279804
929,30.30564301618074
930,36.746305883000105
931,31.312565253379205
932,30.824224564706697
933,57.37412023131239
934,29.201558152854147
935,48.109652161994916
936,66.87366188195665
937,24.88328074318269
938,70.51793203535189
939,58.4859419692438
940,62.781944994093834
941,42.749016824229926
942,43.12850582805345
943,59.84150207206869
944,26.636104419314705
945,68.15718358144301
946,36.64547313073791
947,57.22473377470575
948,57.585397961571886
949,48.71458931272208
950,29.75852638418837
951,49.1279308232094
952,53.73436184879944
953,51.41421429298269
954,41.77253246257658
955,78.79928223004974
956,61.755417134423936
957,42.82518988846928
958,48.48331035851683
959,31.292816865593494
960,36.02929194293705
961,45.27218816800907
962,32.56921574949354
963,68.52429456258558
964,50.975457996623845
965,38.66716560873937
966,32.31353266605373
967,69.7679872896494
968,28.011459323905115
969,25.812016702764765
970,64.89969594726742
971,38.4665864494674
972,31.044046206287817
973,37.155633521236695
974,38.05988074561162
975,34.90243503946306
976,56.31905362060235
977,70.32434588254702
978,68.0854624647811
979,28.281662723354657
980,49.41778387718807
981,36.09223861093247
982,66.93275170920467
983,31.140619453539642
984,49.79876595336316
985,41.391292246881775
986,30.91175775856027
987,74.79461759034598
988,29.391135387100178
989,71.81951214178787
990,39.992516596499456
991,52.437313605220965
992,43.49406297365371
993,28.495572916467268
994,69.86283433598504
995,24.88328074318269
996,50.19613328531045
997,29.34148299320023
998,74.0657773669254
999,32.212216071593275
1000,29.087874145638807
1001,60.516795544408495
1002,33.38553191025704
1003,60.10139377308002
1004,58.64240761123165
1005,27.470610645034412
1006,74.07599932607852
1007,32.10110983725946
1008,51.49036558102232
1009,32.82814154400893
1010,70.39241125651955
1011,31.03257318529478
1012,29.55243519917218
1013,73.69298752654589
1014,57.29730449805194
1015,72.49851901272682
1016,40.29159533063059
1017,51.44200319491553
1018,31.628026496072266
1019,74.2154092765063
1020,27.08942842972749
1021,42.95121888566274
1022,44.339454699603905
1023,66.79194016136762
1024,61.07792364103477
1025,27.677117151349478
1026,32.01995651469667
1027,31.362684359075786
1028,24.88328074318269
1029,32.793217959775916
1030,64.21350267059219
1031,30.964321533204668
1032,38.19586279129814
1033,30.256365470154947
1034,30.67296144868135
1035,67.69344944912953
1036,73.8568184322163
1037,67.6878412254095
1038,52.71201853908431
1039,66.24300189031791
1040,54.596472842916896
1041,27.238807555455026
1042,65.92486995694173
1043,71.57325126958818
1044,28.651433392290983
1045,69.59091461513867
1046,37.09928621274176
1047,31.21987737837344
1048,41.75618627260897
1049,32.37375116134609
1050,31.63749197191632
1051,70.36332618203096
1052,42.07737763922252
1053,55.75416373498234
1054,66.2169304878667
1055,37.831356452343826
1056,31.466064211004834
1057,30.359854544969494
1058,56.79971161823869
1059,31.72562725846427
1060,65.76908567674678
1061,49.652171898087076
1062,69.08997888586543
1063,56.03468950949015
1064,39.16211320039096
1065,52.23341404449377
1066,49.55519340857943
1067,48.967380821614555
1068,29.768049877331077
1069,40.648229866416386
1070,38.076076975949746
1071,24.88328074318269
1072,38.99527126737101
1073,33.76404659786232
1074,61.65453059377353
1075,35.51206456054311
1076,75.18233632693068
1077,40.77048483800834
1078,57.55478518906801
1079,48.74116916518474
1080,33.47653090006486
1081,31.46147060832203
1082,33.30523637661679
1083,71.97697529591778
1084,59.83785935165159
1085,27.746773505107626
1086,32.549310020166274
1087,64.16366252948669
1088,32.83668489873696
1089,44.58989109605352
1090,29.993564945581568
1091,76.16124193187261
1092,66.69441606543592
1093,31.43920573905882
1094,31.348261696719455
1095,77.4795238179085
1096,37.00472106839061
1097,71.94195091332347
1098,66.35946530437658
1099,74.68321030512232
1100,27.97918974399289
1101,28.507773899878487
1102,59.56000162557828
1103,31.72549844480079
1104,64.16067923182703
1105,37.26855785925039
1106,61.823609821146505
1107,59.32034417072413
1108,24.88328074318269
1109,54.763179766173664
1110,49.66898935835356
1111,51.34932312395543
1112,51.74607048926731
1113,34.2803061091185
1114,67.00364336604554
1115,67.59569794710848
1116,52.28879145964106
1117,37.45935064077969
1118,60.21436017941903
1119,34.000557624616135
1120,43.11427011569492
1121,30.987837536189687
1122,33.562778184083015
1123,36.82747441840979
1124,68.30160297207331
1125,24.88328074318269
1126,62.640143035323995
1127,46.405368853699656
1128,38.770402585913615
1129,41.54531113003867
1130,62.21417775408807
1131,78.07168464920753
1132,35.92848734032626
1133,36.11751881002172
1134,64.86252669723666
1135,53.42650125508415
1136,42.882563898651696
1137,51.55413701436743
1138,48.76486753131121
1139,39.48990126385941
1140,48.81987432714092
1141,44.88569447831797
1142,72.43375314063421
1143,25.551462805542258
1144,64.82742116608193
1145,72.73474336894286
1146,33.4373614071028
1147,46.65286936402708
1148,31.70872628052183
1149,68.07401655512737
1150,28.6824277709446
1151,34.04056475301175
1152,28.299516999009995
1153,57.90182358691584
1154,31.513701000066533
1155,36.7883872920128
1156,27.51736224786916
1157,67.82806826534176
1158,59.831248019051216
1159,64.40737381660782
1160,30.13270448968393
1161,60.939643380447535
1162,72.32107496775743
1163,28.234501896692166
1164,71.01505109939751
1165,61.606214560870896
1166,72.28795473596409
1167,71.25213921898245
1168,31.823379709101687
1169,46.50221441085421
1170,24.88328074318269
1171,70.78410649228391
1172,30.248254629128326
1173,62.167413714555046
1174,61.808439130076245
1175,44.59006651359755
1176,56.77000025193104
1177,67.09583948463961
1178,39.374074053652265
1179,32.96670619192622
1180,38.970996198483306
1181,66.19026343611176
1182,54.212927449625965
1183,32.45289414938934
1184,39.69579124483596
1185,42.55534267122263
1186,65.48019577610592
1187,48.47314149404606
1188,24.88328074318269
1189,29.106017003146633
1190,28.7360555862453
1191,57.00720278894318
1192,44.58872386120901
1193,34.51937282891245
1194,41.40091894799323
1195,42.26959507678298
1196,31.495178633988644
1197,70.23623761010009
1198,32.50097537407794
1199,51.320320891162226
1200,66.09655469532498
1201,35.21243096989616
1202,73.77121032595781
1203,60.40074179021576
1204,67.47236156999568
1205,30.393926770879204
1206,34.48789725879584
1207,64.95487593834632
1208,40.71784179292234
1209,61.88180345569038
1210,51.84845795088509
1211,46.00920689105335
1212,78.79928223004974
1213,48.62116100823971
1214,70.0833841590325
1215,60.282652658617565
1216,28.038953427189085
1217,51.4230023335205
1218,32.73020111826227
1219,63.61059281816131
1220,37.13164352648004
1221,42.28727792365075
1222,41.77578402991327
1223,35.364184005515995
1224,31.389968938368156
1225,57.79751977195082
1226,73.27613444105197
1227,59.77488550250747
1228,37.72728407484695
1229,61.19053421864227
1230,40.98741768896723
1231,28.95794905644101
1232,44.6440822586911
1233,59.874867485390524
1234,65.0599425776177
1235,46.36492541174776
1236,76.65480017088947
1237,52.581934434161
1238,50.32656423143396
1239,33.72560761611345
1240,35.502545534455635
1241,66.98818185678775
1242,35.900047507342094
1243,33.874586663286834
1244,51.337447451471334
1245,48.48133790400263
1246,70.52069767158281
1247,50.63874420045689
1248,74.30384234322034
1249,28.227900359767716
1250,45.18106765657592
1251,25.716774896851575
1252,31.716510147185033
1253,29.097885220363366
1254,75.45396770369015
1255,51.34055161510169
1256,45.13143580380597
1257,73.91486259166831
1258,66.03567685053187
1259,71.57479913256026
1260,58.03569103855776
1261,33.60419390927564
1262,31.43117396778331
1263,76.4044920777462
1264,27.45737805963563
1265,57.73571112902539
1266,32.43474443336214
1267,64.04276641682719
1268,29.65745540406249
1269,66.35186830437559
1270,36.351746105957574
1271,38.752944738108624
1272,40.50984732883791
1273,43.58225963332568
1274,67.2329908738605
1275,67.96238715110712
1276,55.805395983347864
1277,33.75243308698384
1278,40.06759255356654
1279,30.01975890882852
1280,68.49144914172935
1281,59.31096558761169
1282,47.01760421653779
1283,31.11233941465423
1284,71.39260934889364
1285,78.02541969487615
1286,38.86099141035865
1287,42.491094041518096
1288,54.91348160519266
1289,60.469773428363396
1290,33.784775341446334
1291,72.17885058877675
1292,54.480321164436305
1293,30.891774691259968
1294,46.11464336464681
1295,68.5744640824152
1296,30.98458126305411
1297,35.030400920999284
1298,37.0058196737111
1299,47.86705188183939
1300,39.807595610352166
1301,77.956019639994
1302,65.63269077814275
1303,63.92064094895818
1304,66.09789682102587
1305,42.980025327827946
1306,65.02799645139964
1307,28.723424906550747
1308,55.25969043136391
1309,31.888479852908432
1310,51.96247980563172
1311,57.15522669374411
1312,68.49258562520211
1313,35.72284217262808
1314,29.988122566906043
1315,30.587162123130497
1316,29.72986063221373
1317,56.445427371386586
1318,31.19579440726409
1319,36.966505898333025
1320,52.7360438536129
1321,33.66197312573898
1322,70.04794243214457
1323,69.88026796109133
1324,42.16834511369984
1325,66.36230534714372
1326,37.49820391415915
1327,27.25346494288152
1328,71.86253905162312
1329,43.88471566252022
1330,65.02250586413163
1331,45.45539812607002
1332,27.85954153595941
1333,35.959489061633434
1334,74.9801384844317
1335,75.64223823195661
1336,71.68781306281659
1337,31.623747235705707
1338,46.56845507946019
1339,56.424156015552484
1340,28.193713354398426
1341,28.32048113978169
1342,30.665069990288657
1343,33.59480366300335
1344,29.73149059930813
1345,30.00041672527857
1346,53.05729096784464
1347,29.175235635240938
1348,68.14915309463726
1349,55.265631648474454
1350,38.08555861302989
1351,63.98829992272147
1352,28.042191203617563
1353,74.1844515383313
1354,68.41002716803644
1355,33.16179866506897
1356,70.17804370430314
1357,32.43115717922271
1358,30.18970376090755
1359,35.65764059137723
1360,49.63050772509877
1361,67.55225146651122
1362,37.291697162741585
1363,31.523318658214635
1364,27.290809419303514
1365,40.178496111779666
1366,36.56824927253979
1367,31.455780511254858
1368,62.979144012378526
1369,36.91505045789688
1370,33.364752512166575
1371,32.24083146439898
1372,24.88328074318269
1373,71.57028289541529
1374,24.88328074318269
1375,27.145879027179944
1376,72.44707974787363
1377,33.30077050130393
1378,61.35563045498765
1379,29.314906523508967
1380,31.5116064918127
1381,36.97621051826809
1382,32.674741402111295
1383,34.07495001284036
1384,71.90999371295817
1385,76.40276333745328
1386,72.79746291752497
1387,46.71863747486282
1388,31.539700350460066
1389,32.40372150538323
1390,72.42115379451337
1391,34.32135573501489
1392,69.9380716605393
1393,67.48754521326467
1394,38.94777660067392
1395,59.07660028338955
1396,31.757284666105704
1397,38.633772441888595
1398,59.78643976854053
1399,46.537507178775456
1400,28.419799139354836
1401,49.35704720600103
1402,27.99160652121961
1403,29.160601782760182
1404,67.96759133549102
1405,78.66070820911978
1406,36.69914164534572
1407,34.450777872321055
1408,54.67204805887461
1409,58.10672649898572
1410,31.85911409393657
1411,39.70043286654341
1412,74.89806516548884
1413,48.383377264969226
1414,60.087404146566456
1415,74.89501266916722
1416,74.98582067676526
1417,24.88328074318269
1418,64.1334127377836
1419,75.82941990492941
1420,60.66405937278674
1421,70.03148812007606
1422,73.95176913574991
1423,49.117232444992155
1424,35.019296586603645
1425,35.103385184875776
1426,41.29753481528172
1427,63.379973171884785
1428,64.73075170600782
1429,36.8008985023763
1430,75.00988620279236
1431,24.88328074318269
1432,24.88328074318269
1433,69.822159660231
1434,59.285367388621125
1435,50.21677858034958
1436,27.520938556131398
1437,31.27158374265167
1438,78.79928223004974
1439,62.1415138439034
1440,63.947468453827526
1441,35.63565378008127
1442,43.33641772844851
1443,27.5065102594657
1444,40.583992336258746
1445,31.258026723847934
1446,38.68895605175919
1447,70.3559964252766
1448,64.19648144078909
1449,46.43564416385048
1450,49.648198364872854
1451,40.46946365876238
1452,34.72484169944451
1453,63.862989409228426
1454,47.09797427321243
1455,72.6224595316159
1456,68.76077506992783
1457,72.45333133727925
1458,46.21136459354061
1459,65.19290279892581
1460,33.17214134075283
1461,69.21016786972865
1462,61.156753239281805
1463,40.624463091757576
1464,46.03045627071975
1465,42.53939506626409
1466,46.82806606597353
1467,44.57463179205013
1468,47.6246664546006
1469,34.23148513422814
1470,41.20806251553929
1471,31.730451801497765
1472,29.63104546625857
1473,76.12711037952306
1474,44.92385800732936
1475,46.48928405802267
1476,39.298003053410085
1477,55.40036550625376
1478,68.2090820255168
1479,47.64745974885554
1480,46.197951794493
1481,48.50631376167094
1482,27.883867730984832
1483,45.94432050304718
1484,42.767956072426614
1485,45.47398488637111
1486,63.90984555120524
1487,28.91169558926299
1488,29.809413798318246
1489,30.747956531456055
1490,32.54984072098051
1491,45.876946660632655
1492,46.49874590588823
1493,75.00160042892699
1494,50.602867466740605
1495,62.472339173810624
1496,61.4460556557313
1497,28.985375495583682
1498,61.41947681800775
1499,59.382524653884616
1500,72.90702445633335
1501,37.415753049509355
1502,66.69802623794095
1503,53.96775487462418
1504,67.38457558190618
1505,27.860639613447574
1506,69.99805794888107
1507,36.202526343998244
1508,42.80714051588417
1509,37.39734628262474
1510,55.710416504235354
1511,71.80064362888058
1512,52.952985382375196
1513,34.02938022168382
1514,34.36442590179695
1515,71.7528433186329
1516,70.31130562610414
1517,32.8321718198074
1518,68.85846767433483
1519,36.78270279390787
1520,39.470433821955226
1521,53.32728053411694
1522,53.30792828044045
1523,39.01982759441688
1524,36.826101199449724
1525,30.149653415713374
1526,47.59757345917558
1527,34.12143264616856
1528,32.0161281473915
1529,28.63155806081727
1530,69.01922570594891
1531,64.03335010407693
1532,68.81219144247459
1533,52.25263921178832
1534,58.131132398512335
1535,46.849097717738005
1536,54.624414600088144
1537,58.278346035356606
1538,31.123687603096982
1539,49.30704933685186
1540,67.01551593544808
1541,49.54583295454644
1542,78.79928223004974
1543,76.35341228602726
1544,55.63927220183245
1545,32.73708154050544
1546,46.16145669611009
1547,62.14224782538318
1548,74.1320117754029
1549,35.95368116028067
1550,34.256890717601664
1551,27.13558373762163
1552,53.96566174499577
1553,67.39476488503415
1554,69.73371839588091
1555,37.198754429101
1556,32.90718047899412
1557,33.07233032086401
1558,72.14458825507884
1559,62.04221397939102
1560,69.96466327487548
1561,48.47644358986298
1562,65.30259580319282
1563,43.18428581241892
1564,67.96718142108784
1565,32.922888395577445
1566,31.443763295219384
1567,68.70917918304971
1568,40.154600788612655
1569,32.38445118867463
1570,28.24362197997044
1571,33.647325907740665
1572,53.72531525965218
1573,29.36900925566249
1574,66.94729068753887
1575,69.21433152205941
1576,64.04567454657473
1577,33.771758987401995
1578,70.48339833963558
1579,50.32029875455302
1580,68.97430728343409
1581,32.4222668135796
1582,53.43943519355119
1583,46.01769250369017
1584,48.78429769657146
1585,74.84343772995871
1586,31.004766778253554
1587,31.85447034599855
1588,30.539478174626936
1589,39.163560823839816
1590,68.01654248994276
1591,45.400780948103915
1592,29.116656652729148
1593,74.15006713752132
1594,70.14521438139302
1595,45.16306685900909
1596,32.27118794212328
1597,62.98295747928944
1598,48.13087577014585
1599,28.218633055819794
1600,32.473450442318835
1601,71.61588855473812
1602,25.02747412654361
1603,51.9010101601697
1604,44.90799201600932
1605,35.64910132679006
1606,55.22055973252253
1607,75.07572954932999
1608,42.61651695325304
1609,46.302562116242115
1610,67.9943718854741
1611,40.952497091735296
1612,52.87810709473959
1613,29.17478308124589
1614,46.0311460662229
1615,70.25080092170967
1616,42.84223082869763
1617,53.01011925346759
1618,52.72745758526304
1619,35.54380387396327
1620,25.23276303958994
1621,46.21618989616567
1622,61.4201424526929
1623,66.90019827496997
1624,75.06100167116917
1625,67.49917208617748
1626,40.392172950135375
1627,49.900133693635055
1628,27.522110201077396
1629,26.80635583078839
1630,47.047719552155954
1631,69.80802419559731
1632,72.66226222592434
1633,35.26236746780678
1634,44.44506724643356
1635,37.34275665146828
1636,43.29041951723633
1637,36.835310059377576
1638,43.23942482922656
1639,33.03275756022185
1640,44.79099544644759
1641,43.53699306607689
1642,46.67065722385076
1643,63.09231192930298
1644,41.84184300818684
1645,62.39738979314261
1646,66.37742629205883
1647,75.07498787183212
1648,24.88328074318269
1649,62.52808115365406
1650,30.844368934265106
1651,45.35568654816283
1652,42.510728855705395
1653,69.82130325857767
1654,39.07774579550622
1655,50.277716840638604
1656,48.57156070831803
1657,64.3190992229176
1658,73.4675793045206
1659,55.85215665129431
1660,53.25609713545555
1661,27.857743284043977
1662,68.46660485448038
1663,29.90112422355628
1664,77.64749905683905
1665,27.18859679550701
1666,48.1600585111936
1667,58.819530761321516
1668,64.89354393581698
1669,32.33779827509244
1670,50.00180246794927
1671,49.83876101614328
1672,69.07075675171305
1673,40.02431371435301
1674,46.158482606313044
1675,66.38884138477724
1676,71.50253549903033
1677,64.4648597360771
1678,68.87494479635927
1679,38.92601872768479
1680,33.874126099146906
1681,59.64437497839458
1682,57.13296706992193
1683,70.73638927475275
1684,63.605329164283944
1685,36.166909829426146
1686,42.81526598911774
1687,24.981952530408336
1688,73.50947754755524
1689,57.95621053806575
1690,52.76596360505262
1691,63.09441758105197
1692,37.613095125714636
1693,42.50470150368679
1694,69.82886253769922
1695,33.9053881368593
1696,50.09317270462921
1697,33.12710414214206
1698,74.94926509851854
1699,69.49941801068002
1700,29.746283036545037
1701,50.34851712384511
1702,27.694128877953062
1703,30.446264962701576
1704,29.79652288903094
1705,39.75868432969598
1706,68.5505484564157
1707,55.038311145588
1708,27.333884480112943
1709,61.511966421923006
1710,51.44919197957343
1711,67.45923288087681
1712,40.60318132129555
1713,32.605583098834245
1714,51.34192203660558
1715,39.40820597549396
1716,56.29182707489872
1717,41.585395903583816
1718,48.15563961456351
1719,34.467322046612765
1720,44.87767436333422
1721,28.414657488157275
1722,26.74608339181691
1723,54.5972898025787
1724,43.12616419932266
1725,72.79656566856417
1726,68.87167886256402
1727,39.7148783581917
1728,51.32959674442088
1729,70.18148729343841
1730,46.90681062597473
1731,29.595862227544558
1732,42.99528943981677
1733,73.22781156949556
1734,38.770490318153605
1735,49.97111321450899
1736,30.082759279636775
1737,53.209380504199274
1738,29.447735382240523
1739,49.999455135553234
1740,34.9112939316521
1741,33.79230798995334
1742,34.789577120654144
1743,30.18419890701955
1744,78.79928223004974
1745,56.15642767109749
1746,47.691441547992824
1747,70.67924149313134
1748,75.42299112657275
1749,24.88328074318269
1750,43.46566178343993
1751,43.83480328948956
1752,33.08127473014849
1753,50.82536146185279
1754,76.10537374549443
1755,78.65401933385539
1756,54.359875225014605
1757,26.63665332517627
1758,30.81977355667675
1759,77.23525328864872
1760,30.621848339801545
1761,26.51962307941136
1762,61.056329315059884
1763,68.95204480100494
1764,47.44217541456821
1765,33.441727695741974
1766,70.44422026614177
1767,29.77026769938783
1768,73.06950392194588
1769,64.342473028994
1770,71.35115712736966
1771,36.77049552248508
1772,70.21517081455471
1773,31.988569021957673
1774,28.29803899243626
1775,37.33810436321096
1776,29.804809266739085
1777,29.309115133565342
1778,40.3812827915036
1779,50.814760371536806
1780,36.63857568079237
1781,31.121817785827318
1782,65.6522418491262
1783,27.284121420966073
1784,70.40902966084309
1785,63.72230558051328
1786,34.96028250552223
1787,58.701012091317466
1788,70.96397677506639
1789,33.754399811783
1790,45.275802138807975
1791,55.01241808059342
1792,35.49603559559631
1793,31.13226036884359
1794,68.97227879680766
1795,64.22719138431373
1796,72.4286314321053
1797,35.09782490566698
1798,70.04999658071233
1799,32.219109389616165
1800,31.286158508620986
1801,53.798778193301075
1802,53.287124968250794
1803,34.802531142908435
1804,33.155766867624976
1805,62.39038806376824
1806,29.94511282935207
1807,37.83573802100257
1808,51.74562112128659
1809,76.9335646675988
1810,50.652743917744715
1811,24.88328074318269
1812,45.66216320945401
1813,47.242852565277495
1814,43.88274031728696
1815,28.863554481602932
1816,55.47557084609973
1817,41.580103187643644
1818,33.32782308225029
1819,28.427761906570538
1820,65.40145157189846
1821,63.22009268525113
1822,74.64646796832943
1823,43.54427275901213
1824,43.52791707418519
1825,31.68854419189546
1826,29.69186569572628
1827,26.58689241618123
1828,39.195478329150504
1829,71.54276919502581
1830,27.18307839055649
1831,26.986295152178087
1832,46.323308206798686
1833,40.1316666601175
1834,66.10070360507407
1835,34.915249510390254
1836,31.85846433477775
1837,74.09567331800238
1838,63.38678367047365
1839,41.77501482387211
1840,29.2450156865072
1841,30.15426554829321
1842,40.009267643484804
1843,37.73464295716019
1844,49.69543928746856
1845,62.73713474637344
1846,31.00199153425433
1847,50.473963844287226
1848,58.17219719221228
1849,50.1243272112452
1850,35.64551224744969
1851,62.768118718787434
1852,69.80047924221688
1853,31.258318688452846
1854,57.50555766594607
1855,38.0750879233334
1856,64.45040364238406
1857,33.85864461689795
1858,34.58613197344795
1859,46.462592488559906
1860,33.245663597201315
1861,64.85736393260099
1862,45.41783895805291
1863,63.163746646694165
1864,47.000327393733
1865,67.19938924800249
1866,67.89355461047825
1867,66.43603271622902
1868,70.66484982073376
1869,34.07656716496436
1870,64.57665920753553
1871,24.88328074318269
1872,39.625501365188
1873,75.71562143108888
1874,31.83997949890653
1875,35.111279250192354
1876,51.51625546131797
1877,31.772749750892416
1878,36.57551927578601
1879,44.22712939024086
1880,68.96616892488001
1881,43.29631886149758
1882,30.860720315043977
1883,40.2024023254224
1884,61.39550047254153
1885,42.86969310233038
1886,50.78000580550416
1887,29.47901854571063
1888,31.989378385170994
1889,33.918301341587096
1890,63.46631740802957
1891,62.80338668582439
1892,74.64359072258208
1893,37.81396534703947
1894,56.43544985268625
1895,27.357152427389906
1896,66.2434283408409
1897,38.87278409030108
1898,30.64616842008172
1899,31.47345457375775
1900,30.970962172907093
1901,35.449483795197025
1902,35.763634266167514
1903,72.7767911556443
1904,24.88328074318269
1905,37.01746683888601
1906,43.205022909033644
1907,66.59463563860592
1908,45.366876264152665
1909,29.78179763891856
1910,65.2509718301699
1911,57.60883371631843
1912,45.778147071330125
1913,59.05162321557454
1914,33.755470215997605
1915,77.28152044779165
1916,55.793218534641454
1917,51.16986619494725
1918,31.774485362684175
1919,27.48858969249966
1920,66.40564579173025
1921,76.03995436816791
1922,59.74566483694461
1923,27.539646559716175
1924,41.452248329867274
1925,60.36233951142026
1926,72.58607150597066
1927,32.00860077683524
1928,51.78812528091032
1929,33.53599823477862
1930,44.42015584050441
1931,46.79271092173573
1932,38.546233452681065
1933,27.68595300500101
1934,28.8396100845776
1935,32.041510823867895
1936,78.28446209884592
1937,26.494009285435766
1938,53.58210751576178
1939,60.767811701981884
1940,72.63487107861904
1941,71.67719077791794
1942,37.64883131436176
1943,29.14020267713562
1944,34.209153610284034
1945,32.61456074730387
1946,35.09978076239224
1947,54.46110684713821
1948,51.78423656060943
1949,68.75486532235459
1950,28.537744101445583
1951,38.78292189754444
1952,24.88328074318269
1953,42.09534367238243
1954,68.86504059687869
1955,37.67749047458602
1956,33.87547818048091
1957,78.79928223004974
1958,34.93335884657017
1959,40.23120695026644
1960,29.439740219450414
1961,38.15203458740375
1962,62.596657180762236
1963,67.16578922377829
1964,26.055820739945716
1965,70.28876078875425
1966,29.196256754095714
1967,50.35670959120307
1968,31.17948168026578
1969,27.474948159202086
1970,39.30465052111545
1971,54.25151431918613
1972,59.43130592227746
1973,43.86109161836707
1974,57.592416992300315
1975,61.294703750579515
1976,34.58975598499882
1977,27.945529886775773
1978,52.54023561495397
1979,70.73067082118246
1980,49.893119321476775
1981,24.88328074318269
1982,66.55453988960994
1983,33.82269353732295
1984,32.57272057886962
1985,31.67717018238153
1986,49.41490030732559
1987,29.10742816799717
1988,29.88551559538857
1989,52.054004729152155
1990,38.3089606880808
1991,42.0726369309601
1992,29.712719121560326
1993,56.696151909356885
1994,53.13695649304172
1995,40.42788537464247
1996,72.5486654336436
1997,74.1472945681329
1998,29.856230862051632
1999,50.152099092003056
2000,59.42567382805328
2001,32.828306424158654
2002,66.12346186983291
2003,64.83883068829118
2004,42.972935082320646
2005,44.201165179599386
2006,76.08723854681492
2007,40.98127855804756
2008,36.262588592865654
2009,50.9780543959931
2010,30.82815418193138
2011,36.39773565997292
2012,40.05342433145961
2013,71.59575412855588
2014,59.902914812790954
2015,67.49804395126247
2016,70.16216074347241
2017,29.229080567085248
2018,62.188758292224776
2019,45.11038078110539
2020,32.26964879484649
2021,71.00027213196412
2022,68.01685720213254
2023,48.97775257238732
2024,74.23984424647057
2025,74.77225036648764
2026,39.760599115344306
2027,30.37372657416728
2028,28.889547910166925
2029,24.88328074318269
2030,37.105306384417545
2031,44.668777591825915
2032,70.75828420376817
2033,49.181873763342026
2034,60.1444325350715
2035,35.87791638715234
2036,31.93217154173317
2037,64.75802247235973
2038,51.53477551728713
2039,67.19611486484527
2040,61.87777084616363
2041,39.18934358349125
2042,66.96594509823322
2043,72.61674073127
2044,30.73636304862282
2045,40.5220454941305
2046,78.79928223004974
2047,35.18573393258944
2048,39.65034522163023
2049,67.40567028148976
2050,42.259700276763354
2051,43.59192763578298
2052,36.79001498508495
2053,41.83469897683864
2054,69.89410235417878
2055,49.00143871778769
2056,66.4834182105066
2057,39.62822618421752
2058,25.580420186856912
2059,52.101225615093625
2060,64.60311331390363
2061,56.33573077867847
2062,67.0183479443647
2063,71.77801459413206
2064,67.65034554704869
2065,76.38837315065035
2066,65.17804003315416
2067,73.80266392687184
2068,31.765091657370476
2069,31.243783638501384
2070,69.04552642613672
2071,48.644746766594665
2072,61.51042582427954
2073,32.853654071798985
2074,70.24398182838786
2075,51.37422333630832
2076,31.873630402152287
2077,28.417875411550654
2078,78.79928223004974
2079,32.0530277876278
2080,69.39373522210232
2081,40.50940227400396
2082,31.28362043483122
2083,32.219748364048115
2084,63.87593773033649
2085,45.35474709914416
2086,63.85863854533142
2087,25.933786808602463
2088,58.281240485437536
2089,51.61071813949613
2090,66.17855343932857
2091,32.68755557782174
2092,44.91378068110765
2093,32.41360219582026
2094,32.45412833988007
2095,33.18892034194698
2096,78.73700276492798
2097,27.5184139478105
2098,33.150481593397615
2099,28.005770782578168
2100,32.36158846892414
2101,53.31852127025911
2102,30.58980479132299
2103,33.25049972568678
2104,58.003854668351124
2105,38.824943880872894
2106,62.671850557067515
2107,40.87194662746856
2108,49.816944320819005
2109,62.068501021322675
2110,39.70298892628338
2111,27.006267544507466
2112,30.244101384260944
2113,75.89243059876856
2114,57.09955428138929
2115,28.342266079354033
2116,48.24025561706213
2117,54.35343838987891
2118,67.13290262807035
2119,36.29237200446926
2120,47.117284365453315
2121,32.120348412407566
2122,34.907157789093844
2123,36.29380949562318
2124,62.81220079477998
2125,42.87983869496192
2126,31.577037567419552
2127,63.97719085766241
2128,36.183825412524385
2129,72.03984095794114
2130,57.390959551122734
2131,46.90148005326762
2132,30.500930135418287
2133,70.2884904096817
2134,29.152398529035537
2135,36.96800647532872
2136,48.01656930388276
2137,58.60069569091618
2138,57.51602931117364
2139,74.25271756618034
2140,31.759549629216224
2141,32.38286865317218
2142,29.810259915492907
2143,48.94620636788841
2144,62.08552672305518
2145,32.271518209318856
2146,70.92241558950835
2147,36.22315719678292
2148,66.69870655167637
2149,68.14830488817813
2150,52.591907173653965
2151,44.989643626913136
2152,58.96850048903272
2153,73.61346670848458
2154,77.55967099408548
2155,55.098453435457245
2156,51.56492101080825
2157,44.30934785905896
2158,72.8095911746039
2159,66.29307436636793
2160,34.07688435562369
2161,34.275814143717184
2162,36.41758639745663
2163,71.88337709447231
2164,35.77265875113528
2165,46.27517614124062
2166,35.75708278062899
2167,44.4171110564956
2168,52.68684829935961
2169,32.21529137005235
2170,30.672240013771955
2171,73.1501270104832
2172,53.15619425589807
2173,35.32749356131336
2174,43.36744616931553
2175,41.69176537495492
2176,63.7710452088877
2177,48.6705657802986
2178,64.90595779543025
2179,30.19842405675803
2180,30.715538003923996
2181,50.14240123858929
2182,44.35140792070132
2183,42.85198897566998
2184,68.41956538611976
2185,35.453837969172696
2186,31.13021769193233
2187,65.413177064689
2188,34.382965054962426
2189,29.47432002785888
2190,69.31322611751375
2191,54.279029197919925
2192,32.58662745180774
2193,66.19551909690091
2194,55.14096258351624
2195,49.833183003135446
2196,50.14803088888431
2197,40.936425935936484
2198,28.376133471206174
2199,69.3072930865278
2200,31.313557149685323
2201,31.573801589227912
2202,61.64295322256271
2203,73.26719283587212
2204,25.241979939500993
2205,43.246982227470504
2206,34.57508709164881
2207,25.894221836138456
2208,74.72137432079464
2209,33.24022986287605
2210,70.7668759421494
2211,72.0180848981154
2212,41.68631599960314
2213,30.095700522952995
2214,43.575868203712005
2215,40.82423673587431
2216,33.314250635304404
2217,53.16663652543764
2218,68.25143345157196
2219,34.21837520278041
2220,76.8573642408802
2221,31.731783592897273
2222,29.625337991209335
2223,24.88328074318269
2224,69.26390945619752
2225,35.122701379059606
2226,27.04043573606407
2227,49.79860694132066
2228,35.882832971181536
2229,24.88328074318269
2230,67.02771775551173
2231,63.58930803316747
2232,70.26257570847125
2233,30.933760781327692
2234,52.06695178873346
2235,43.58139591411636
2236,55.17716931306818
2237,50.29961466783493
2238,36.493597415111935
2239,39.913591015889835
2240,46.38197086424779
2241,69.5595752891025
2242,30.415005445861
2243,54.22926252108499
2244,65.92732956601756
2245,70.28774737011398
2246,56.94848647767674
2247,39.77203854172791
2248,27.400972343743433
2249,69.71739054667033
2250,29.180257084504206
2251,28.736049819452262
2252,36.15583605312514
2253,29.352834863142903
2254,61.77187980194219
2255,73.33562482811064
2256,27.319889634886124
2257,33.12692122645001
2258,35.268011451513985
2259,56.26173338051396
2260,49.54118436074627
2261,56.36030917043564
2262,69.59646132087624
2263,52.735650753987045
2264,36.08069375041504
2265,66.90656847204977
2266,62.22973179761444
2267,29.84254369614223
2268,28.937882078381165
2269,31.25357573241729
2270,36.21207156087041
2271,68.33661978925645
2272,41.49922184176444
2273,29.02160622711682
2274,35.547389630189045
2275,37.22900229479721
2276,49.82877074920157
2277,35.08767482967187
2278,37.00693872401422
2279,62.3778559431984
2280,70.19793980627855
2281,45.150321271780456
2282,70.1259975133118
2283,31.91983044555809
2284,35.56166849541657
2285,48.271177808390405
2286,47.93432705391507
2287,27.41220446296495
2288,77.13316730145269
2289,67.62267833113799
2290,26.32430503063165
2291,71.81953591454823
2292,37.884917914806124
2293,39.39711688448239
2294,64.01980120612416
2295,44.57882144006311
2296,32.256847858813614
2297,29.42973970488265
2298,34.503093334366554
2299,33.82303949102203
2300,64.22818066866208
2301,68.77979108375752
2302,72.53630222608278
2303,51.88852699884353
2304,33.392452841521845
2305,48.91850190444318
2306,35.30652148231772
2307,24.88328074318269
2308,30.737237327752382
2309,40.20572075251323
2310,37.214113855686435
2311,61.62680497421732
2312,55.260202258797065
2313,35.4107950538135
2314,46.77249968936741
2315,69.08334232754953
2316,43.21552233117342
2317,34.928794257358874
2318,69.61212495431701
2319,65.01031422896907
2320,43.63699944839618
2321,34.1418387088263
2322,38.52068289633905
2323,54.182472492291254
2324,55.765715224744696
2325,46.59666453179722
2326,30.122910775649416
2327,28.021983620108244
2328,69.61059815408325
2329,67.48087992360394
2330,62.374501904414515
2331,32.9658751941771
2332,35.42923237509251
2333,78.47801316626553
2334,40.471654201131244
2335,28.83043309041443
2336,40.862097239131714
2337,28.467163963510643
2338,24.88328074318269
2339,71.3704857802565
2340,30.06901037401849
2341,36.85778970702586
2342,69.31873003350947
2343,62.31497581094152
2344,62.94155534191731
2345,52.730772409647756
2346,49.507537506355696
2347,29.804022450511525
2348,28.881907732951333
2349,63.117581573764596
2350,26.938457946858534
2351,71.98679676522906
2352,32.64832472103757
2353,31.242545332502004
2354,37.155024308420934
2355,69.27864527997167
2356,52.362269766137274
2357,41.99716513810108
2358,67.72147896250141
2359,28.399559549987373
2360,28.04823762204819
2361,30.39934191429836
2362,57.786435773398765
2363,29.821059540789463
2364,31.55585684796199
2365,29.441161911493566
2366,60.01522836406957
2367,52.89416369349251
2368,76.51079760898597
2369,35.51791697541512
2370,63.05308650206874
2371,36.15393518718827
2372,31.34510922741964
2373,78.28622622876514
2374,63.92318286742471
2375,50.57210491809721
2376,28.43718624756292
2377,27.559006827103275
2378,49.24936837467858
2379,74.97248106476789
2380,69.31127049024744
2381,24.88328074318269
2382,36.47953851609921
2383,40.556529250037485
2384,39.69076471573041
2385,62.987954646241576
2386,72.13852051360149
2387,33.29044129305717
2388,39.66012079576947
2389,44.67475166121649
2390,41.56002481044591
2391,59.202668267426844
2392,71.50708416037136
2393,37.85999364861887
2394,65.9281368290211
2395,51.51519146557369
2396,44.43538623701842
2397,28.907059570872974
2398,32.04120464371243
2399,56.83724778143227
2400,29.591875740297667
2401,33.87930059715612
2402,68.15919090087593
2403,61.82138507199667
2404,51.56036511250666
2405,65.53170034403746
2406,33.77978309454983
2407,69.00394762263943
2408,65.92021546842864
2409,42.24886589637535
2410,69.00343381013934
2411,51.0899697207074
2412,29.730157835409045
2413,28.221676014599666
2414,37.49390296476332
2415,32.541622440277536
2416,43.133881618768186
2417,27.63332409452562
2418,70.56702523226485
2419,51.166695710199235
2420,45.24097572116692
2421,71.97590728093024
2422,31.29532338945866
2423,64.26808482820844
2424,72.83524687011732
2425,70.54240165153135
2426,50.834762772629404
2427,37.128334461676246
2428,57.24425561313339
2429,48.76477966755948
2430,51.61156952754342
2431,78.79928223004974
2432,78.79928223004974
2433,33.91295813464404
2434,40.3591462655956
2435,45.59651805684227
2436,57.149951655814334
2437,26.16912942484271
2438,74.55011713475892
2439,55.33979349687996
2440,28.21862462845612
2441,60.87542088045082
2442,36.58491156590571
2443,36.384864160261216
2444,38.68702212061136
2445,28.60346230981571
2446,73.11517620126199
2447,72.22473091943766
2448,35.43248029238731
2449,57.27996288016206
2450,28.425739102918214
2451,36.99494909138326
2452,66.62593868637938
2453,25.61917909958555
2454,43.000136718692374
2455,29.519198735848704
2456,52.680324237601354
2457,38.44061187833472
2458,50.05380733745574
2459,38.55815447941961
2460,43.83606488989733
2461,70.21954214443471
2462,51.55309837513522
2463,50.583466953500476
2464,48.226759818029734
2465,31.89225961808097
2466,70.45764996974117
2467,32.64143732968512
2468,60.60718575962093
2469,69.74818727548995
2470,78.79928223004974
2471,66.98441732763752
2472,30.02127760434786
2473,26.392078997963182
2474,31.815796000859166
2475,62.247353359884045
2476,24.88328074318269
2477,68.65362907928272
2478,64.45757562429566
2479,31.813027016601183
2480,24.88328074318269
2481,68.15697380931147
2482,28.42782370777587
2483,29.94396757506439
2484,30.00792503276773
2485,26.964859501157093
2486,64.53245855773542
2487,45.20555413066904
2488,69.35615684362318
2489,33.199152090275845
2490,27.634997799868188
2491,51.56704766342774
2492,43.99096330120341
2493,69.2402287627863
2494,53.65368722576619
2495,58.41626366728323
2496,45.88714542667513
2497,75.574624084352
2498,48.03922836330986
2499,31.373513539325813
2500,39.92191762756387
2501,37.66830605697987
2502,33.877054494004256
2503,33.04228654367678
2504,56.79764106215883
2505,75.68152279128046
2506,68.76082470484255
2507,28.54644019781847
2508,41.56105501338669
2509,59.766182738411985
2510,70.82593225176367
2511,24.88328074318269
2512,51.91303245173515
2513,30.001683494169242
2514,31.78228728803373
2515,29.442493438513168
2516,75.26453378855473
2517,56.05788133074685
2518,70.8777421108968
2519,55.732909512663184
2520,39.773197210263675
2521,36.83883044384669
2522,34.75289530402091
2523,33.43414066451447
2524,71.77320290481488
2525,35.451886299687885
2526,27.50151524526848
2527,26.879265098373708
2528,70.52839066351305
2529,43.33487195690523
2530,70.42035416714532
2531,66.03979031564677
2532,36.67669455313285
2533,73.53483816418377
2534,29.814187708897975
2535,38.62905583665413
2536,29.066184040167343
2537,33.656074552687095
2538,33.84692159919598
2539,32.466615771407476
2540,30.76268862819427
2541,51.22399881901543
2542,27.18528048947968
2543,24.88328074318269
2544,31.238770723237963
2545,68.56278329782094
2546,24.88328074318269
2547,76.42533008303974
2548,57.56715378728359
2549,28.964941575631826
2550,44.06197653267509
2551,32.99565228821993
2552,34.07229680716961
2553,33.052404426816565
2554,33.616743510185984
2555,78.79928223004974
2556,35.33740872183638
2557,73.27788553664126
2558,66.18170083463531
2559,57.37845573848733
2560,68.61981407571868
2561,34.09767799674137
2562,57.261078734628484
2563,70.65357113328656
2564,24.88328074318269
2565,58.071743826261354
2566,40.625859279524875
2567,33.22654372512875
2568,31.147712592257676
2569,33.058636841025816
2570,30.48960545888974
2571,35.52971463464553
2572,67.97774507617828
2573,57.55452553363824
2574,70.62018394758854
2575,58.34867839668439
2576,30.686927931945547
2577,65.45788309601687
2578,67.00834859682485
2579,27.661090948253445
2580,31.06846124037105
2581,31.80133242334807
2582,26.7128520054992
2583,52.606094281615036
2584,73.9546893924842
2585,50.12615301795715
2586,65.08662469401042
2587,78.79928223004974
2588,66.41912264241265
2589,51.161904510812604
2590,26.833808295471442
2591,64.6163630526124
2592,30.343953918272092
2593,66.11062042617215
2594,59.03252810137076
2595,60.8599676394698
2596,58.51020674729364
2597,55.22174650409188
2598,48.57863914651608
2599,27.34190003010798
2600,41.91453849824625
2601,30.155520084296256
2602,24.901433587857866
2603,60.378518182669524
2604,38.19568500462515
2605,31.560284262621934
2606,54.43255135579008
2607,68.58768664090164
2608,54.30809226041032
2609,67.85671264875594
2610,38.080830773805644
2611,57.17212213981993
2612,71.75847610896534
2613,41.23358918911356
2614,50.899889070045816
2615,27.896166907436395
2616,29.23958716715133
2617,24.88328074318269
2618,71.0067495431062
2619,52.62260454205628
2620,57.85381200324298
2621,69.98094021797604
2622,59.25061989355095
2623,69.65005176505446
2624,45.32284251658551
2625,33.74783661113449
2626,30.54951584067937
2627,30.5785797039685
2628,68.14658333119792
2629,34.4033366762817
2630,38.71110420513048
2631,32.72150483795372
2632,68.32551732196504
2633,31.372683824818978
2634,55.115790678921655
2635,68.84053705453383
2636,55.40179591323124
2637,64.6520065447292
2638,30.459762039486577
2639,35.76013709780642
2640,64.22587282099596
2641,30.283670728616983
2642,38.29139177278307
2643,46.64618081615741
2644,73.27893707830283
2645,29.833870373448633
2646,64.19766635600786
2647,42.890802146601075
2648,61.533913468936106
2649,30.92768223511547
2650,63.39773183971468
2651,30.59359527236822
2652,30.350977553538257
2653,29.266312806463645
2654,28.105721497572915
2655,66.04315477580894
2656,69.428757617873
2657,62.24059410201437
2658,64.87453001047805
2659,31.68276968844259
2660,28.944957192126395
2661,24.88328074318269
2662,50.688659025747384
2663,69.16968299368028
2664,73.49424531873586
2665,50.25011472961153
2666,68.67493841664816
2667,33.521422591642875
2668,41.13722021540195
2669,43.82941029856596
2670,34.69332770295745
2671,57.397254456461155
2672,59.21296359343464
2673,30.13863677965469
2674,72.49871651024856
2675,49.85052200898093
2676,45.3401933473595
2677,74.171887316143
2678,38.2241200090094
2679,65.20415032367598
2680,27.85383156247866
2681,48.83076317711749
2682,36.898605361935864
2683,29.23089631731864
2684,60.972485978366095
2685,71.51543507773383
2686,40.843972100310395
2687,39.69391714600537
2688,33.330319936610806
2689,69.58486406073428
2690,65.14034816355542
2691,37.07494300553671
2692,36.218214322520225
2693,37.022596671531176
2694,56.900326550814974
2695,29.411436757033073
2696,60.63844066529691
2697,42.299951204248885
2698,70.99181150360583
2699,38.2485201798919
2700,30.374271617779925
2701,31.505278954664618
2702,47.527961236503785
2703,61.75208662336583
2704,78.79928223004974
2705,78.79928223004974
2706,51.71399622662983
2707,70.77566645605872
2708,34.664187602327615
2709,31.11348889847517
2710,65.76461026874276
2711,33.15916874456042
2712,43.1006753826548
2713,48.79043950269941
2714,67.25100009108004
2715,66.6705394382875
2716,65.76286071627118
2717,24.88328074318269
2718,47.38455046113586
2719,24.88328074318269
2720,33.2648596362215
2721,32.13584979153086
2722,67.20701867033702
2723,29.622471010203753
2724,74.98787483853269
2725,35.59747923805676
2726,68.53441520119239
2727,24.88328074318269
2728,52.86692283847991
2729,47.0518620856947
2730,34.27543999466542
2731,36.11982355703205
2732,44.309490333750375
2733,44.76841795901265
2734,30.23549220702489
2735,72.6335881429521
2736,69.48639846651258
2737,44.202595025434306
2738,26.861534439006277
2739,68.22762310372485
2740,67.20995331748384
2741,25.37859688227826
2742,44.937310016429876
2743,42.2083040322284
2744,50.187270586413035
2745,49.71528633164559
2746,46.415758337942236
2747,73.94719008511044
2748,56.423799798697075
2749,42.50506605095177
2750,38.37643486546844
2751,70.88959072142087
2752,57.41533653862837
2753,41.07241797010972
2754,34.81904024269977
2755,62.350509852667045
2756,26.496750458605106
2757,71.23138699174501
2758,71.25582100877818
2759,35.65807599951444
2760,39.357489137319675
2761,33.11382120259407
2762,44.66687400553951
2763,28.75009000760582
2764,58.60776301749388
2765,69.91203743814305
2766,71.28493612501589
2767,78.79928223004974
2768,60.62899258124605
2769,32.49692220510883
2770,27.0852705396681
2771,32.367775955170885
2772,53.625055512901895
2773,68.14566268490756
2774,37.91680656609239
2775,38.57885322964847
2776,67.94642325606225
2777,36.074171789569874
2778,36.66055949600968
2779,66.1488767397023
2780,35.859802018322284
2781,67.67137282398431
2782,37.587677639184506
2783,72.9192695634711
2784,64.06826217774854
2785,39.50830868358014
2786,70.10676927585791
2787,57.71650258010794
2788,39.25292279024471
2789,74.95015860374663
2790,72.53898914685658
2791,47.346278360124984
2792,36.298540030571445
2793,45.998349480095776
2794,65.08230462393922
2795,37.48683236127768
2796,39.483702304188
2797,30.626240977142118
2798,27.059304611720904
2799,71.53385672797248
2800,43.22580913542832
2801,51.24831153159866
2802,53.99913316551968
2803,70.2069381545719
2804,43.88050804311979
2805,33.51105994318681
2806,78.79928223004974
2807,34.70237447863485
2808,45.02767554579549
2809,56.77974327079578
2810,33.52823985089262
2811,69.85576720534164
2812,37.31044415760451
2813,69.20388905774053
2814,48.438045724081306
2815,31.109174000868563
2816,62.85673035790001
2817,39.7531303398078
2818,34.76481017501001
2819,28.403777259230765
2820,62.76133748621234
2821,66.5720902495541
2822,29.689530187442244
2823,42.609036991011294
2824,25.570887565454257
2825,31.12826184347503
2826,74.85846026945626
2827,47.794395707488036
2828,43.062839493934746
2829,69.54592392638648
2830,32.305219465768516
2831,67.94192843417696
2832,65.92292134685175
2833,47.66241403254139
2834,73.68637549972132
2835,38.34574257453859
2836,28.918874504960172
2837,65.55383298446094
2838,54.57367926284073
2839,77.46071342828672
2840,67.81599171233341
2841,25.369949423241735
2842,59.27926393494947
2843,70.75389590652753
2844,32.949809641489765
2845,44.789711526497655
2846,47.997923510755584
2847,71.21979280360401
2848,45.97270954471547
2849,60.28463253204421
2850,45.8292329756578
2851,66.71300255034748
2852,57.64336723137828
2853,41.511216492766664
2854,26.635931389472688
2855,54.35584349954314
2856,69.07677593156961
2857,67.06984986643818
2858,55.235234144068556
2859,39.409457202561214
2860,40.10243674787
2861,32.681464212315404
2862,28.997265966602413
2863,62.43980292213854
2864,34.90795019038222
2865,27.284942407204596
2866,60.286759584810795
2867,27.698264024099217
2868,50.7778524871473
2869,36.20264393456688
2870,29.527724275278615
2871,30.729175973130168
2872,73.70665056666746
2873,28.89570988392154
2874,73.11174101076739
2875,37.13030584234282
2876,35.81288092031713
2877,37.89421409180744
2878,55.539247368054475
2879,58.76128333991627
2880,44.248432937658684
2881,58.298531476740834
2882,75.53583335422965
2883,42.663500797288975
2884,76.24688994809969
2885,48.79522518065599
2886,32.73249012647943
2887,34.73222162724562
2888,65.11494568147384
2889,26.469293529524407
2890,40.36400955286956
2891,49.59811506170663
2892,32.74301121994591
2893,77.8821789115164
2894,31.757785204370578
2895,45.563406321755565
2896,30.29671584614458
2897,25.316854371322393
2898,62.225427754045086
2899,43.104510397013996
2900,36.53806914309229
2901,33.31184616802739
2902,29.332155337757712
2903,76.79032700184757
2904,30.903764276925585
2905,59.1230524857782
2906,45.30133717356105
2907,41.0268356964574
2908,59.33564566916263
2909,67.78807166849566
2910,41.83709384101121
2911,61.69552438548098
2912,68.34228085229802
2913,48.88677946039729
2914,43.491486096328885
2915,65.04113535545912
2916,47.64504034650409
2917,28.03505294786777
2918,28.284795017866486
2919,35.962099393577546
2920,25.393219546430657
2921,24.88328074318269
2922,24.88328074318269
2923,60.283209039620715
2924,32.48112749908222
2925,37.21811243480914
2926,27.969796963431122
2927,70.29503297938726
2928,40.66576818755061
2929,34.93536237485506
2930,42.68897521653355
2931,31.089217856353088
2932,29.79661813839448
2933,43.11457166357826
2934,35.90488078451769
2935,48.36616638979156
2936,77.90386514240356
2937,28.567026199349243
2938,64.89361672369154
2939,35.32895375807391
2940,32.41593958088606
2941,30.155626838818876
2942,57.54396260678756
2943,36.832954477217484
2944,72.00552789252959
2945,66.99259173936994
2946,46.2785838342677
2947,24.88328074318269
2948,24.88328074318269
2949,60.29975962267318
2950,31.943299992413017
2951,40.596906199363104
2952,67.54761635493736
2953,31.255727842996293
2954,43.50978917355508
2955,33.0782170824865
2956,57.01400571825539
2957,68.07076183372479
2958,27.12512513692596
2959,25.542928154672552
2960,33.735553838242446
2961,51.26392104038456
2962,78.21174800141742
2963,38.00321332266341
2964,28.49656661147145
2965,68.94215839964646
2966,78.79928223004974
2967,32.58578281195105
2968,44.78467194443604
2969,34.36679010850244
2970,29.553782386943453
2971,30.89541808969733
2972,38.0789109501772
2973,34.9699011413
2974,35.27773703290313
2975,34.40839027341133
2976,30.731893049403254
2977,42.23924306285335
2978,29.259832094403066
2979,30.62458289778749
2980,65.89471718836367
2981,71.24489989014805
2982,71.92794238236885
2983,60.79196424655162
2984,36.255915139249396
2985,45.420008614161816
2986,47.35529972229528
2987,32.71138569266475
2988,71.96926202070108
2989,75.2751874773466
2990,69.9305062326302
2991,28.840655161274526
2992,69.107934006074
2993,45.67588753485646
2994,70.18864226028063
2995,31.42054725855047
2996,51.573520221598926
2997,33.455449407350955
2998,71.5365909712018
2999,37.86517627876748
3000,77.57174685932455
3001,77.8831880181256
3002,49.84452687317409
3003,28.739875916002234
3004,37.86348983335114
3005,30.683286774016892
3006,24.88328074318269
3007,74.79641691916649
3008,32.33514094567812
3009,34.881458338580046
3010,38.6469011010811
3011,73.74296259849042
3012,72.33331029918256
3013,59.08398342474638
3014,36.562273816717465
3015,68.31985012231168
3016,71.09035695984531
3017,71.03657441281041
3018,35.63953413745412
3019,34.2949182493561
3020,35.822138869488185
3021,32.820667848415326
3022,50.99139067267242
3023,47.56719068026126
3024,70.22665432925791
3025,62.23090815314387
3026,51.981721606058386
3027,31.47461080095036
3028,45.934723321429715
3029,54.07563561682626
3030,74.73898612573477
3031,30.146076834801818
3032,43.932239205458245
3033,35.372537969692395
3034,55.62513072402493
3035,66.59529184356373
3036,66.97595609788871
3037,32.11287930007546
3038,67.00050184797249
3039,27.891956955981982
3040,64.98425248674297
3041,72.80030391276202
3042,33.48516123521108
3043,31.646240142982776
3044,44.85719119125804
3045,64.97953911012141
3046,39.49123440583847
3047,45.084307652247475
3048,32.13824925567906
3049,32.96611233041767
3050,26.560168041072927
3051,36.49123065105596
3052,76.23459114948565
3053,40.756290230037635
3054,62.903473276211166
3055,73.64588813633156
3056,37.38848916255046
3057,29.98210575942238
3058,40.22024032619885
3059,78.79928223004974
3060,47.06843294848049
3061,68.6548449391772
3062,38.17368778862806
3063,30.114284609712257
3064,30.817668135532813
3065,76.88050966291951
3066,35.8509154687722
3067,66.93682039397069
3068,32.891773584894395
3069,35.12055271492278
3070,26.41614160091467
3071,32.72021816149092
3072,65.71606483173912
3073,30.233439749045715
3074,60.073173420118906
3075,32.36989456582043
3076,48.341657954989905
3077,47.45614953894358
3078,51.81265268579449
3079,66.37484402465421
3080,27.72535437168841
3081,31.399325225390953
3082,77.42914826346836
3083,60.95738273700031
3084,60.98487656642351
3085,33.832231693640765
3086,30.151915136180435
3087,27.721153518901843
3088,41.8554667480019
3089,41.164822876781955
3090,55.442196264101554
3091,58.498590441580994
3092,34.62105507136215
3093,67.18964687050001
3094,32.81599807480819
3095,57.81231390492178
3096,71.95627643414011
3097,32.80161705942038
3098,35.027556292785675
3099,50.80414300549131
3100,35.64678303861132
3101,72.64604437790524
3102,38.804977570189735
3103,64.32007312024163
3104,44.00986055606706
3105,35.37187509254596
3106,68.26608536281034
3107,42.4396130195884
3108,78.79928223004974
3109,70.80848924411174
3110,66.93289404218596
3111,67.08353140725788
3112,44.30581939489818
3113,36.80632857076159
3114,36.419885488587454
3115,24.88328074318269
3116,46.27273148580764
3117,36.000160365893564
3118,42.06349419703514
3119,63.642554883533705
3120,57.389690068333266
3121,47.044975567037
3122,44.86277078581988
3123,33.62322790703172
3124,49.72394095020633
3125,42.562643829631384
3126,31.69084790440064
3127,36.56145090415009
3128,34.80899709919686
3129,28.57557432460561
3130,27.048651827844196
3131,47.73885261489656
3132,25.276298672619646
3133,73.97141393233929
3134,74.28804169089003
3135,48.02468710916969
3136,75.58138412701112
3137,35.984726349570565
3138,33.45065759495429
3139,36.15060068615287
3140,25.05380055376466
3141,66.38124755627379
3142,52.15951602246608
3143,47.56471821362754
3144,48.81540324756279
3145,24.88328074318269
3146,28.919683615664553
3147,46.80768255582342
3148,27.49065627476881
3149,40.128157315403826
3150,47.19997082256322
3151,36.58440982540969
3152,30.83711529050123
3153,32.319132355805664
3154,37.869554966075384
3155,65.19772393734448
3156,27.649329987492365
3157,27.22714493915896
3158,33.2923838567026
3159,36.22743728427753
3160,67.95738155516418
3161,31.460352179119923
3162,62.38569400493827
3163,51.69228436728625
3164,24.88328074318269
3165,54.175527263864865
3166,69.27446650398969
3167,43.81637843289934
3168,45.36161932447922
3169,27.78008853267613
3170,44.06580873306767
3171,33.90372651848793
3172,54.55022845311977
3173,32.06845190909263
3174,29.42340215709214
3175,54.03377696616409
3176,32.00325738402165
3177,71.16751877447678
3178,44.75272060774631
3179,58.46486672202866
3180,30.7750928813756
3181,77.33336297616074
3182,32.15212720663516
3183,34.158955489819576
3184,27.596499882199623
3185,29.986063080108295
3186,29.523935647414476
3187,70.81242239264245
3188,32.6648624070387
3189,41.39534940804069
3190,65.28407800879461
3191,62.94941406558823
3192,45.22806364521003
3193,78.79928223004974
3194,74.51150550070116
3195,29.32626604175647
3196,28.487916603004123
3197,60.52233465089526
3198,74.21135923811292
3199,74.88584339362077
3200,40.50124757844901
3201,24.88328074318269
3202,25.97172219296118
3203,49.9398265013194
3204,66.78297185473355
3205,57.92744991693735
3206,39.658460543497824
3207,24.88328074318269
3208,32.85040591997216
3209,65.63418062154255
3210,54.19449091514977
3211,37.649539284004845
3212,65.97699031165044
3213,69.0698272409798
3214,26.104991589261942
3215,32.67697447646651
3216,29.075227103148734
3217,46.38522335702501
3218,35.849368040815506
3219,65.9200404399119
3220,73.78242839489832
3221,64.500579455084
3222,29.696095602135642
3223,47.865992953795626
3224,35.28802975056256
3225,32.35713693307915
3226,27.68720834425511
3227,56.22430853603311
3228,73.27003081954449
3229,40.219372784059146
3230,31.652629214193553
3231,29.758208333264633
3232,34.59356967292581
3233,68.3407087680524
3234,35.203594954853315
3235,48.322436551357114
3236,44.92381582667161
3237,66.04583378848099
3238,61.402664835858104
3239,28.132536518345432
3240,29.888648298308908
3241,29.02186646138705
3242,65.70639814686172
3243,26.963538059038058
3244,29.001163714262276
3245,36.74794124320846
3246,73.03101988226535
3247,49.5475468147805
3248,58.25477642982224
3249,54.324294185149085
3250,66.72101566610908
3251,63.78063598833033
3252,32.614377745669174
3253,78.79928223004974
3254,70.50682780485565
3255,50.962432037025366
3256,73.0881441919804
3257,39.70619659113413
3258,26.933044909208945
3259,34.85989413279759
3260,58.338557966569425
3261,32.533866131432376
3262,57.05940469946506
3263,32.312225609101404
3264,29.594855897938885
3265,36.816866680120285
3266,33.69578640146989
3267,60.388791029172495
3268,69.49107795143641
3269,75.25263216218585
3270,62.96410873223351
3271,34.14337120590318
3272,69.08073490658143
3273,32.26695883706441
3274,28.582410064595535
3275,31.87436520429801
3276,58.69315216673729
3277,75.47367158874835
3278,36.378917332051955
3279,26.646576013734318
3280,74.36703189134536
3281,71.16526580873898
3282,62.75097487356625
3283,26.839244400813698
3284,26.30520711810891
3285,54.722608340538045
3286,33.66807575480627
3287,33.697630944930026
3288,32.00573641141551
3289,52.93411711177124
3290,71.75102018587046
3291,67.78767666690919
3292,29.974575788771006
3293,71.45527334067575
3294,50.472893753672565
3295,28.419782157535565
3296,34.528347842975506
3297,60.063478136138585
3298,70.34088631354999
3299,62.94925413830089
3300,68.7424015600109
3301,78.79928223004974
3302,78.79928223004974
3303,27.204672555143475
3304,31.800405933610307
3305,69.63355364999762
3306,59.084625186363596
3307,44.83157286424316
3308,28.085773590184544
3309,30.346668104857542
3310,26.220632836041204
3311,59.404679778111756
3312,29.62512620946339
3313,50.27934730533008
3314,35.71675506812187
3315,49.81928603471539
3316,67.23969297079546
3317,64.78572801089234
3318,24.88328074318269
3319,32.643177083455186
3320,44.72729816924129
3321,29.55564545116448
3322,66.58321886252367
3323,30.0665961890503
3324,59.94665256782656
3325,32.083812291954416
3326,48.29316726988462
3327,28.734934935220735
3328,67.74196998831047
3329,68.43173954050923
3330,72.30391342888032
3331,33.49115160656794
3332,49.82072557807247
3333,67.75675050591444
3334,65.21423060646299
3335,33.48728548024417
3336,34.6140559274445
3337,65.67989718305893
3338,57.97513481965085
3339,27.463411186995245
3340,42.73749831739138
3341,31.17836803497633
3342,78.79928223004974
3343,70.12377721143929
3344,71.02406480388842
3345,67.76663315011791
3346,62.29821375166395
3347,35.322833082879384
3348,30.623638237930606
3349,26.187387547500293
3350,55.519443557192744
3351,49.91932010337719
3352,69.50668620492434
3353,28.253670125974736
3354,33.55707127375018
3355,28.520764780362754
3356,67.37055481645686
3357,63.17226747741279
3358,55.08774365525691
3359,46.36464198154215
3360,40.04841381555241
3361,55.38298033442095
3362,52.86360180542812
3363,77.98753020006647
3364,39.56725620025412
3365,42.25743553412941
3366,27.71008717814351
3367,50.58942066464752
3368,37.75138691902805
3369,44.181621869233936
3370,36.13630900016551
3371,31.68279034868442
3372,40.42461385935034
3373,62.81482303587337
3374,24.88328074318269
3375,50.88241577980148
3376,44.92942072384512
3377,74.36477646005844
3378,56.07630940457696
3379,28.59064116307775
3380,33.92294425141404
3381,33.09730719696063
3382,66.52968903354005
3383,27.48800515581189
3384,28.481674041388516
3385,29.931955373549044
3386,29.090936422268783
3387,69.5237961515027
3388,53.681061122172906
3389,30.146013474892698
3390,39.181774913845445
3391,32.95951381081727
3392,26.284608439930025
3393,77.39766924731003
3394,72.04998702605673
3395,65.38908239151186
3396,37.180710572031785
3397,33.52338687836129
3398,31.39985427465649
3399,62.84153908195225
3400,27.804865845921142
3401,39.75088927855484
3402,55.63571491806999
3403,39.833708650585606
3404,65.19788852596116
3405,75.26268317789769
3406,42.5123686216067
3407,31.519051157256968
3408,30.505795674603064
3409,66.67156234400287
3410,58.63797240891785
3411,56.40359242969285
3412,43.52526191323998
3413,40.51887684931097
3414,40.03157502071733
3415,31.421746178968533
3416,74.15915961582235
3417,69.48715103782703
3418,30.007051593554763
3419,30.387853273647437
3420,66.60888338408148
3421,34.937258510082074
3422,51.15277566405385
3423,39.93022613845139
3424,50.27939134440015
3425,33.667769315682165
3426,66.10832090065574
3427,29.43146654819992
3428,35.26152942422516
3429,48.57427448302715
3430,28.262276867594892
3431,71.67911208213428
3432,50.41076029657992
3433,54.893602546633105
3434,36.677105437747684
3435,72.08863352548488
3436,41.421657350781516
3437,53.37772160217025
3438,24.88328074318269
3439,74.21729955823884
3440,41.351428174448586
3441,41.447283422981855
3442,33.19450805096244
3443,24.88328074318269
3444,67.41198992183823
3445,31.67059719681231
3446,24.88328074318269
3447,51.249312704517656
3448,55.2164664240139
3449,48.931243954645765
3450,25.109285226811494
3451,40.69318179005694
3452,41.84960990760635
3453,47.97261937859065
3454,73.4048478788655
3455,32.37173377196655
3456,48.92747678228142
3457,67.65169989922555
3458,66.21699726016536
3459,39.626647620710344
3460,30.188047831969243
3461,33.13657920253081
3462,57.64136549322734
3463,71.28683495057567
3464,32.18785733307749
3465,30.26965972996777
3466,78.79928223004974
3467,54.479821868474446
3468,34.87733022607216
3469,31.0472042162084
3470,29.256727783250142
3471,41.30444075687185
3472,53.48409943670249
3473,65.76297364075444
3474,68.05182943699512
3475,72.00533022676444
3476,29.996071079040576
3477,48.75041724137718
3478,45.01388406126499
3479,37.8204440723231
3480,31.431519806245944
3481,30.447040684496073
3482,35.14061077093595
3483,55.27511581038278
3484,27.7558385832708
3485,57.947185439396236
3486,47.4751158242113
3487,25.905777722524448
3488,32.14936404464402
3489,71.35131859220635
3490,73.98367645004046
3491,42.39804999897849
3492,56.6719835157467
3493,75.82424535063859
3494,29.64937219986689
3495,42.80951908623003
3496,33.810838499777674
3497,28.39669525702965
3498,41.76599836370377
3499,45.28973137282843
3500,33.26567809325104
3501,26.54409789896812
3502,74.52965279085171
3503,56.02676447357959
3504,34.37543742694373
3505,35.83141639516512
3506,78.56163536338372
3507,32.27152543072418
3508,33.335804691086025
3509,34.01671267874332
3510,31.15353933337697
3511,62.31421367740511
3512,31.588495359472063
3513,24.88328074318269
3514,24.88328074318269
3515,76.19883045351739
3516,69.97622707504516
3517,28.522215872398874
3518,29.157562289188974
3519,70.96468513177456
3520,75.46410510721552
3521,40.33000317692536
3522,48.363719667350466
3523,33.62858138509364
3524,54.688472770685976
3525,29.455602306597314
3526,28.004861520675263
3527,32.21350132391149
3528,30.334067242085382
3529,48.397398752602044
3530,65.47571008062431
3531,30.15518726359892
3532,55.51265271655626
3533,43.3321832222463
3534,27.22716379953414
3535,73.61234374760284
3536,46.54326243642488
3537,26.121549844798096
3538,31.72991053086662
3539,33.21258283773852
3540,41.70187232148125
3541,33.174466815744154
3542,39.22348214047145
3543,47.29013419726351
3544,32.51038857964994
3545,78.06253952204003
3546,61.74805681642995
3547,41.966854946440435
3548,28.122038294312233
3549,63.11784797931847
3550,45.643338193059094
3551,31.687673221308586
3552,41.898069923714786
3553,56.467517040900375
3554,34.13185619979129
3555,42.768255267867346
3556,45.760709618789065
3557,60.3203800249502
3558,72.5898113754581
3559,45.223609850361726
3560,71.17701380372625
3561,34.91882371631897
3562,78.79928223004974
3563,31.401622733926615
3564,35.26637217160612
3565,61.184214052217044
3566,43.15819281461344
3567,43.64863596541937
3568,28.695593963655284
3569,59.738121694394906
3570,46.192160020235264
3571,47.58846604931546
3572,36.22153461613834
3573,56.4208469771128
3574,67.0150720921396
3575,53.18882005383523
3576,56.69550356097912
3577,51.20070072852519
3578,27.144174615095324
3579,34.51570282185406
3580,71.55992499040414
3581,39.30139294687075
3582,31.428568372063808
3583,29.559951393343567
3584,41.37571234747785
3585,28.595133052183428
3586,78.79928223004974
3587,69.85460739925895
3588,66.37743264915207
3589,69.07077874257953
3590,36.677616592918554
3591,77.03265388065606
3592,73.16721297165213
3593,25.554201724727022
3594,30.052021875374976
3595,59.923867862150765
3596,24.88328074318269
3597,35.269659193769144
3598,31.999129255252683
3599,76.98888004331525
3600,71.84211096523543
3601,38.1426655728595
3602,37.00654613850813
3603,68.37080246512721
3604,35.46157756638877
3605,69.74193477102739
3606,32.251481749971106
3607,35.87434638674654
3608,66.2451832345696
3609,37.419767322940686
3610,34.822881046864836
3611,49.08545828959379
3612,60.22615508161938
3613,64.43268542348977
3614,48.34382303643821
3615,58.40021878744487
3616,28.792400839193817
3617,62.503849162960705
3618,32.11323616566
3619,42.53795071347149
3620,51.130456515361175
3621,57.82758986510069
3622,39.944371192768145
3623,56.07604400061723
3624,43.59877298162877
3625,30.68450011794249
3626,41.14326249536286
3627,54.368684532687666
3628,30.968102864482205
3629,69.04136159073238
3630,67.95521925917404
3631,30.396785903811008
3632,49.16096625344663
3633,30.72264514711378
3634,71.40234956625628
3635,50.699073052330895
3636,52.51077459076953
3637,62.65874315116659
3638,63.80435226765942
3639,78.46158492030855
3640,35.02439871754527
3641,55.48422923737172
3642,43.22181565052051
3643,53.75807682015639
3644,27.750563218687468
3645,43.06538482029046
3646,49.39513286540904
3647,59.66545408174559
3648,26.658094939383147
3649,33.059861178436734
3650,28.683688904008818
3651,30.56905221915781
3652,45.21345535806625
3653,31.667292763135947
3654,65.20299604441115
3655,68.32144855546267
3656,36.130250311669386
3657,34.08473186012873
3658,65.62064188457484
3659,50.66851836052224
3660,36.11667407223803
3661,68.78065713771392
3662,26.11397609351735
3663,30.26761346926355
3664,70.65113591368339
3665,29.387409649067763
3666,67.54338787507243
3667,42.69854926622992
3668,49.30507506699374
3669,32.70153928562547
3670,69.72165411754051
3671,37.468357422870696
3672,30.21031374871984
3673,46.45571646934829
3674,30.32400495196987
3675,67.16106239233514
3676,55.75271551723341
3677,66.89131039299474
3678,66.96355823639044
3679,48.54228913761088
3680,75.46894828544686
3681,49.50367799959221
3682,49.09972685176611
3683,32.72334430083373
3684,60.845280943740136
3685,32.62654476309774
3686,50.92562386239729
3687,66.45736252561832
3688,65.34119649970364
3689,64.9402312247781
3690,55.36153730143576
3691,28.592609030242727
3692,69.14911310383371
3693,30.92474136676651
3694,52.56748838323827
3695,37.341074200125824
3696,78.79928223004974
3697,53.37838403453776
3698,28.328773929466706
3699,41.46177980274234
3700,35.06446482505464
3701,49.5805544525176
3702,67.46016404440485
3703,37.33886118772144
3704,71.91093478978834
3705,72.25447682714886
3706,53.850466778646336
3707,32.78364165258256
3708,35.8651904262008
3709,65.38616897241135
3710,46.24381149749908
3711,35.413308327480166
3712,33.31971161920913
3713,71.89306156620532
3714,67.17714926245753
3715,25.930374976435417
3716,39.18086787342634
3717,71.76875248024291
3718,69.44200254681078
3719,59.27179324280962
3720,34.81968103782455
3721,72.09825497712134
3722,57.48182822262942
3723,72.07480691188488
3724,31.0034358212946
3725,35.71749984930625
3726,40.17479202054466
3727,52.20002261632436
3728,37.24914989402362
3729,68.83679980310202
3730,34.25710152418321
3731,42.05489390242174
3732,54.77973112053667
3733,65.86759472434443
3734,64.2043906081575
3735,56.86844555258311
3736,43.00649950273075
3737,74.54249808980512
3738,69.71788759244694
3739,66.42939777441438
3740,37.31953063368597
3741,62.38187380682814
3742,61.24010493362131
3743,41.657172059181924
3744,58.2783443978869
3745,49.63512089820522
3746,66.29575224289576
3747,62.158640627083344
3748,35.33175925293034
3749,46.921729115355404
3750,37.51849581691914
3751,47.81157852847831
3752,31.551242184967123
3753,70.72837941439886
3754,57.34557067595486
3755,34.3289249760204
3756,57.091563866555475
3757,63.39369727462747
3758,43.2881200525421
3759,71.61541299065922
3760,69.34055795346154
3761,61.958758311837045
3762,29.899155367898118
3763,65.13898773460437
3764,38.46125250219251
3765,63.60975563502839
3766,56.49755172099728
3767,40.92068789275038
3768,33.53787288986669
3769,31.04885626885465
3770,28.61287872242815
3771,70.83543187161564
3772,48.250509751627135
3773,51.507898193738136
3774,34.327568929175186
3775,64.51773000057881
3776,77.17587772861901
3777,26.37902993496749
3778,71.07363728614001
3779,38.50031073043979
3780,25.80901918818728
3781,57.21848247772414
3782,36.37099805743718
3783,62.035125729531956
3784,24.88328074318269
3785,43.66163066317834
3786,54.06231181917457
3787,59.00266995009713
3788,69.66400487185422
3789,74.5970996160608
3790,39.73243631582989
3791,77.66198080444352
3792,28.14570423036122
3793,70.45226740105997
3794,49.91100309364082
3795,32.70960240185036
3796,67.83298621976476
3797,70.19468288675776
3798,63.93893231875103
3799,29.840620420092364
3800,38.726258009167935
3801,73.72231989608713
3802,24.88328074318269
3803,33.289788137985454
3804,60.59802921176822
3805,43.86820168730564
3806,76.94496572716383
3807,74.76756867310141
3808,69.97934729682774
3809,77.17003298340111
3810,74.54290530133443
3811,33.56614933935231
3812,68.69178206473742
3813,35.787884351233174
3814,27.781431835497074
3815,71.6650674922256
3816,74.50866794279864
3817,33.96186683702584
3818,45.87761538764347
3819,52.22057704262008
3820,67.18140187195368
3821,41.937750434927295
3822,32.70123193895614
3823,26.43111139191177
3824,66.06899348501787
3825,36.429242420598314
3826,45.078403182348524
3827,66.41081417650668
3828,42.05390428922595
3829,29.406181858914522
3830,60.61380145963152
3831,58.4439103033437
3832,33.26962014197812
3833,25.219075393407024
3834,36.732773419187396
3835,73.3607743072595
3836,58.28460669441907
3837,38.085136337469706
3838,64.2400204632568
3839,29.90341081244452
3840,71.0901411575062
3841,54.30344304428826
3842,43.758044996640535
3843,33.13483829989974
3844,67.90216920465485
3845,45.14258099102091
3846,36.42921027035183
3847,47.05497335941911
3848,41.18868104446926
3849,24.88328074318269
3850,50.53882463512236
3851,37.30927642266147
3852,61.35688031385695
3853,42.64229745582047
3854,45.293759030304074
3855,29.221239114285993
3856,27.35722950733839
3857,63.63997433652412
3858,34.55356002867484
3859,59.03607889444223
3860,44.60083924802113
3861,63.53206742706794
3862,55.36742626388574
3863,38.15528531925136
3864,52.55847400895785
3865,65.28574266369361
3866,31.432930011725716
3867,69.8315400599572
3868,28.707484427863392
3869,44.63682786828951
3870,70.28930533199377
3871,41.68066768472349
3872,34.144765374352836
3873,60.8618990692766
3874,34.07272512710762
3875,29.808490840883906
3876,28.54467008715835
3877,49.17049726640789
3878,62.387685984003596
3879,46.90014617627891
3880,52.835758190515094
3881,36.431554062190685
3882,46.654177222261524
3883,40.50161034197462
3884,44.13387386834569
3885,78.79928223004974
3886,34.7886767914016
3887,29.245518016931157
3888,31.37462098501871
3889,31.86338377144085
3890,78.79928223004974
3891,73.8962631811469
3892,32.979936798687504
3893,28.90832149519767
3894,33.78747358906327
3895,62.95323436489275
3896,33.57485395040595
3897,29.289279510125937
3898,31.766865964551698
3899,45.87858206735871
3900,27.25757796086998
3901,49.6915677609054
3902,70.07366345812054
3903,65.60356856884584
3904,39.383009125140205
3905,27.255466906214906
3906,74.57817022286858
3907,48.642851668073156
3908,31.109592978209548
3909,61.37346755436607
3910,50.71757118598831
3911,50.085764379901185
3912,27.13798812466092
3913,56.619218566039365
3914,68.49116774670884
3915,64.56876076108503
3916,69.82506323625023
3917,60.53323319463257
3918,42.764230241623665
3919,27.992615462444064
3920,28.779005846248424
3921,30.565240607693113
3922,47.991180938101145
3923,69.96570983087591
3924,71.27247581005565
3925,29.713791192174938
3926,71.96911448492844
3927,64.19109965269149
3928,39.10066055913035
3929,39.254499267421636
3930,53.71056410200074
3931,50.05137520653486
3932,38.623838781107565
3933,34.29968783591684
3934,43.015600904843566
3935,28.943747173983184
3936,33.73773419246237
3937,78.79928223004974
3938,66.75778508769835
3939,35.56734099253481
3940,68.4533544848158
3941,33.46758559900951
3942,61.89391226382371
3943,27.39552678782809
3944,55.550044291215386
3945,56.80011138210074
3946,49.138724208395665
3947,29.898386081432193
3948,44.242960722913764
3949,37.80080673460762
3950,63.74535746624841
3951,45.58881181594822
3952,29.168914685238008
3953,44.309503280646624
3954,30.227443905954033
3955,57.09297025832785
3956,37.86793231756917
3957,71.2359650518664
3958,30.34100324298535
3959,71.49651953713175
3960,48.96682195856536
3961,38.3279337065685
3962,71.73095320734512
3963,33.60991173799242
3964,43.52053234607672
3965,29.315818833569097
3966,59.916864183609235
3967,33.866210649398
3968,44.08233497320077
3969,63.26318205913374
3970,29.571863515743047
3971,39.478401172643274
3972,65.42960035854517
3973,42.18164329090075
3974,43.53202089025251
3975,73.9682279989247
3976,71.35869296566872
3977,55.54922663167733
3978,67.69391865265266
3979,57.811494301826286
3980,65.02456480006748
3981,68.04996144555582
3982,44.96618407104273
3983,52.373996158632906
3984,58.07185098645368
3985,51.675421914377864
3986,33.417733350523264
3987,33.40544016497779
3988,37.574812557479845
3989,41.461436588709475
3990,32.69635806414121
3991,38.454356699296824
3992,64.20522737582422
3993,30.02532911280072
3994,56.549361778016646
3995,24.88328074318269
3996,32.09011276840272
3997,30.30632071269369
3998,47.37859298584138
3999,41.12262423502784
4000,58.1814874153707
4001,34.91136467059153
4002,32.97378519890043
4003,59.61266216272742
4004,48.41051822773162
4005,29.203135013807128
4006,26.409171370845627
4007,28.304854431104502
4008,38.25834352465091
4009,64.09857887302843
4010,34.87236119434817
4011,72.72438318935053
4012,27.9499373834156
4013,34.91113210906758
4014,32.56849070620672
4015,43.19851693574367
4016,52.22755409833695
4017,39.672229942331725
4018,27.53875841482244
4019,72.51107319416838
4020,24.88328074318269
4021,57.37740129514293
4022,25.979426811341455
4023,30.779667074285896
4024,66.18778426027382
4025,29.739537841418667
4026,56.93129062115628
4027,68.68421477511325
4028,26.185449052166632
4029,69.84330371502205
4030,27.539580461205276
4031,25.306340334621183
4032,43.777759902217085
4033,38.44853556516972
4034,34.48657092670419
4035,51.32466604980067
4036,42.41746044090738
4037,31.38053117135206
4038,61.41368337329101
4039,70.32556437074041
4040,44.185982291993184
4041,57.869308001459316
4042,48.64497689256755
4043,60.56981739191525
4044,49.516189567921835
4045,72.23786130955304
4046,64.018805457361
4047,40.250566407603806
4048,70.92543814136303
4049,68.64842785715119
4050,67.34256186010077
4051,33.28327204195807
4052,63.69803036643859
4053,32.05368431956799
4054,69.14716659900213
4055,43.68149949019906
4056,36.218614988046795
4057,39.14853784919066
4058,24.89260988150926
4059,59.01852386831936
4060,68.53756414320418
4061,46.5150848878541
4062,69.49993779132488
4063,67.24028831519371
4064,28.97418209828419
4065,50.1029207206348
4066,63.74431293716867
4067,32.02467551302249
4068,34.54840624453243
4069,25.061471268072125
4070,33.89205813836668
4071,38.030086973041364
4072,31.54309051195122
4073,37.83292852687354
4074,34.162651759407225
4075,49.03407952134805
4076,28.46913563094165
4077,34.77550643389594
4078,41.4043586032448
4079,35.96969281067413
4080,31.425398941472906
4081,29.60744366945471
4082,71.9740491971591
4083,38.31554320419491
4084,32.83164044522641
4085,72.3540987277554
4086,61.555736046904684
4087,26.22568893159547
4088,51.40093098678153
4089,69.4730025505523
4090,34.69498239183659
4091,64.37480368149181
4092,34.26337308689557
4093,24.88328074318269
4094,58.027561412955464
4095,30.039016906497466
4096,51.123616578016836
4097,36.625713792121644
4098,66.42600140352519
4099,71.74275947164858
4100,64.52661653800817
4101,73.63565700266503
4102,48.087578926597416
4103,29.409700043012776
4104,61.612183009877526
4105,67.43884246394182
4106,72.79732332930584
4107,67.35063398303117
4108,25.63499742484973
4109,67.12328252020629
4110,35.85474682942528
4111,33.916073709752226
4112,47.172482084221954
4113,37.657880931795205
4114,70.94964022470836
4115,35.702371338915924
4116,51.388215955713406
4117,48.898203431872275
4118,26.984407968224332
4119,34.137348683263724
4120,69.85386721950388
4121,26.73098725704932
4122,59.08386405884826
4123,35.5961505887164
4124,52.186609393100696
4125,34.156902988670595
4126,43.11602117406497
4127,47.2430353320494
4128,37.46352584346401
4129,40.05520807586828
4130,67.87143270049287
4131,74.07096056636455
4132,35.45700344788216
4133,49.463650901536596
4134,63.40404224929145
4135,24.88328074318269
4136,40.098431693563754
4137,70.69055323446389
4138,34.40329808368131
4139,78.79928223004974
4140,40.45351948007006
4141,67.77339968062
4142,25.300061201261258
4143,56.57032298881137
4144,28.441995707910166
4145,36.33721910953474
4146,44.4656257556702
4147,38.70913132861787
4148,56.929456519996734
4149,64.1325126058509
4150,52.11191219725892
4151,35.516890135981555
4152,36.999805096776925
4153,30.754181356674337
4154,36.31385717543202
4155,52.87042527900489
4156,63.61986999848878
4157,71.96582802700397
4158,68.7649597251413
4159,64.38954364072521
4160,50.46293497285333
4161,44.12844850293895
4162,45.63455589234772
4163,61.84816052424918
4164,70.53368753373951
4165,27.926630594692483
4166,25.378543432524737
4167,65.74549495523428
4168,35.733400167714876
4169,43.48130954612478
4170,36.92487702448872
4171,28.51871032477922
4172,40.642082980140344
4173,48.04950149290977
4174,35.46819290479584
4175,67.75178732971625
4176,55.62282775797432
4177,71.25224554503325
4178,47.834371956554435
4179,61.750685139714335
4180,46.85223624377903
4181,46.283022974252304
4182,78.79928223004974
4183,45.94043620133514
4184,26.113625596244617
4185,24.88328074318269
4186,26.61934783128595
4187,57.82179872410208
4188,29.66156492776065
4189,72.27674581067356
4190,74.50154066927124
4191,35.26721811496526
4192,51.799200292737375
4193,36.6400155177695
4194,47.930303325071556
4195,70.15349922347642
4196,65.80361311994301
4197,50.570766968773114
4198,55.22536038009672
4199,64.2997323001714
4200,28.168875674250614
4201,78.79928223004974
4202,59.40362692857937
4203,68.26905181402711
4204,30.75239194359574
4205,29.677553166023642
4206,68.45038642196306
4207,31.048407325586197
4208,77.39276425745311
4209,48.40461655699019
4210,50.46421002429405
4211,47.518624038357416
4212,72.03544952193377
4213,50.394253519163954
4214,38.620991618305595
4215,56.37179493135896
4216,72.9977461666856
4217,29.422735328402496
4218,76.09703752920922
4219,31.019664678722563
4220,51.335539217778916
4221,28.168616138811615
4222,69.41061996384533
4223,72.75362865106155
4224,31.912263265548177
4225,32.37310355617106
4226,41.012237532884434
4227,35.450883531124234
4228,32.266437813193136
4229,70.73242483267981
4230,26.76232479418445
4231,37.97963897472499
4232,27.188331294762293
4233,70.23282850706211
4234,69.04762809044794
4235,54.76105057751765
4236,54.92484082523272
4237,36.53310280136486
4238,73.95199160159686
4239,71.63673093004064
4240,69.01209154129344
4241,78.79928223004974
4242,78.79928223004974
4243,35.14434673811502
4244,36.072419667848834
4245,63.11057021966275
4246,48.25665027480733
4247,29.620027060703762
4248,32.70459937145648
4249,71.04881699288008
4250,35.75253928286401
4251,29.194775058275354
4252,28.501045449650803
4253,30.20642943928806
4254,66.12011598650895
4255,66.86714030724943
4256,27.46015076227826
4257,67.41715749592544
4258,60.528111788194906
4259,73.2264080475149
4260,72.93970803895255
4261,38.05843554536414
4262,29.652493628468733
4263,74.38120971273622
4264,59.08702249723501
4265,30.89031204642354
4266,35.20057269157655
4267,46.29864983947239
4268,42.30381687838863
4269,35.65670626959512
4270,78.79928223004974
4271,43.19955488172235
4272,69.7214203665615
4273,42.176426395431164
4274,45.09001337286915
4275,51.28169809298933
4276,71.06476196169693
4277,31.383328546249402
4278,61.497387393613934
4279,32.603536883177995
4280,69.42208552823479
4281,63.97618693066896
4282,32.41174140161138
4283,24.88328074318269
4284,69.5113083077081
4285,31.056104020296118
4286,32.03628559118812
4287,32.252616830345985
4288,36.369473532893835
4289,34.405708689067126
4290,50.18810370782967
4291,44.70805344720637
4292,37.92540456716566
4293,62.7849105955803
4294,35.32411469983674
4295,49.95968300366684
4296,71.10866042630286
4297,43.21143011421381
4298,29.819950696844785
4299,27.058489795498986
4300,55.332024243258104
4301,58.02655790803959
4302,47.80291603618815
4303,30.87042048147748
4304,30.66511190833296
4305,58.37154178448115
4306,30.81451993998104
4307,70.79229787089096
4308,32.03980582174506
4309,74.87059350743277
4310,31.945045898256694
4311,29.70311768642074
4312,59.77270840319824
4313,43.075038656628436
4314,26.59774308050089
4315,58.58726860836872
4316,27.959340054640762
4317,59.767009824795366
4318,55.71080967263643
4319,43.42119342802772
4320,50.15033815786208
4321,56.689418285696775
4322,30.104678187801824
4323,72.10561518696699
4324,69.66906912243294
4325,31.293069507849907
4326,24.88328074318269
4327,41.59811514233246
4328,32.57056799388914
4329,73.15078224139776
4330,64.03554154529127
4331,27.526742306837093
4332,39.42122936013601
4333,39.60664515051684
4334,28.661181649977493
4335,76.62960193291761
4336,35.478742208754795
4337,29.020106659299188
4338,24.88328074318269
4339,44.931596133477655
4340,69.1833540101075
4341,26.75673243982658
4342,31.3743328257313
4343,30.085090725959276
4344,59.28403044232711
4345,31.8507305847952
4346,70.49037907236348
4347,32.65651218036675
4348,52.62380108400099
4349,69.35623558288228
4350,38.5566448082252
4351,67.87172310583318
4352,48.31491283398975
4353,34.80143716669589
4354,36.09756018240893
4355,45.65716345018373
4356,69.79208445568929
4357,46.98287513190554
4358,28.854844697710973
4359,55.25316932702515
4360,38.648275552197276
4361,30.04028034030614
4362,27.56934080322793
4363,73.84591786177128
4364,26.047472582406158
4365,48.17728606503229
4366,33.71311717035428
4367,72.78466092924305
4368,58.776720497451315
4369,47.52522602995501
4370,44.74289015800193
4371,33.08697162589152
4372,33.33370590886602
4373,55.71435892673321
4374,33.04114056018156
4375,39.49025375599635
4376,56.059044197060985
4377,37.025486458744325
4378,54.45029288662349
4379,71.4224294275393
4380,34.71240754220403
4381,34.243016365098526
4382,50.1200778525004
4383,55.02226313045105
4384,35.23476368075876
4385,35.48715764195191
4386,54.568753885902595
4387,59.38069560383849
4388,29.9070765608339
4389,71.73001718663849
4390,39.58105866050468
4391,75.46741948693764
4392,37.634070371560036
4393,49.40352768382505
4394,73.65303019632921
4395,24.88328074318269
4396,31.229429162297777
4397,60.480521396499654
4398,74.87568920853141
4399,73.42110211162765
4400,31.80664673046732
4401,62.49761266101194
4402,32.45486348918024
4403,59.885109157316606
4404,41.09292148639251
4405,68.03679237314941
4406,30.337343643797738
4407,68.95552130963893
4408,32.07965215709453
4409,49.225357709339576
4410,65.87704798043733
4411,29.376091660603606
4412,36.92519217103032
4413,64.19595822334716
4414,52.06708447398023
4415,54.08399693445381
4416,69.85045278728506
4417,32.04340938350674
4418,50.77639270245572
4419,28.91931197415971
4420,36.936399908194915
4421,29.981802764668885
4422,72.16696830893113
4423,33.003749033821634
4424,49.39098250610439
4425,46.393052802397314
4426,44.36453915588669
4427,26.30587068720166
4428,55.91198314383888
4429,61.84811259332359
4430,51.476991793473644
4431,31.89094175121187
4432,40.87463199064109
4433,49.61803517884242
4434,67.21211194408485
4435,24.88328074318269
4436,36.52621907544693
4437,74.4379926561069
4438,28.628689143385714
4439,40.460569249374316
4440,34.02534061665847
4441,31.62776746060348
4442,78.24372251015069
4443,59.31364973826692
4444,51.51749057229
4445,27.666581958376128
4446,42.89444393412488
4447,62.56364102967456
4448,42.70568158357503
4449,32.439735187024326
4450,43.54606093918889
4451,42.97716705481679
4452,69.91140843667796
4453,50.03983122943506
4454,78.79928223004974
4455,51.129005735595356
4456,60.12488173413033
4457,30.937857238995775
4458,46.960392384438705
4459,30.061107829411206
4460,72.75090025864867
4461,71.49236421655718
4462,27.998483268714892
4463,75.29800642721224
4464,72.27397093904119
4465,46.14790558829691
4466,33.73945891006082
4467,29.482139950616556
4468,63.879575141895046
4469,76.77303685994391
4470,27.66264592388444
4471,57.10791990535148
4472,36.04284683766639
4473,24.88328074318269
4474,29.439713743975346
4475,57.81934984252281
4476,32.01963988650667
4477,40.98377556677241
4478,53.65909114414677
4479,36.128403868890715
4480,27.546103543322943
4481,49.077050272061804
4482,47.97997391629667
4483,64.26366152891796
4484,32.849703246574336
4485,31.431997566428265
4486,25.537342312445958
4487,77.11622026478477
4488,68.15940093660888
4489,32.942432253747654
4490,24.88328074318269
4491,47.54207085228252
4492,26.208238137325907
4493,52.659232784227584
4494,24.88328074318269
4495,49.49184192519712
4496,28.93118702313086
4497,42.54478746199911
4498,30.74305645508906
4499,56.86334802197595
4500,24.88328074318269
4501,32.228601540924814
4502,71.64375668296253
4503,63.195877177602625
4504,71.87001556111477
4505,31.453082235132968
4506,53.796434905510864
4507,49.33428733785715
4508,34.80706102026147
4509,73.1305369757373
4510,44.13957988320254
4511,51.97913753695873
4512,34.45239836414309
4513,46.92691494673181
4514,52.67546620953357
4515,51.90432281683819
4516,67.16804359838818
4517,38.89162610855237
4518,24.88328074318269
4519,28.25983467207311
4520,27.055847162074315
4521,43.27301767615751
4522,41.97797221046204
4523,33.510524856392465
4524,49.66796028906646
4525,28.73266162381543
4526,33.33945821088906
4527,31.08043553695677
4528,33.049104335795164
4529,65.67194486770984
4530,48.25315854156577
4531,50.00340121530951
4532,70.39267433790775
4533,29.470863846006296
4534,36.23083456470167
4535,31.80897033727331
4536,56.65246627887345
4537,62.95735607121742
4538,30.984230715938452
4539,31.40420101310076
4540,66.3007160195408
4541,62.42902261614526
4542,28.9631983830036
4543,26.047759514037864
4544,27.26324873208472
4545,65.69703850002429
4546,75.59935792259833
4547,63.61358770033286
4548,70.70559536168915
4549,72.85084064718944
4550,49.972288595775794
4551,54.862672153371335
4552,38.79274704885801
4553,29.822056013086808
4554,47.737887096859275
4555,45.535140840208484
4556,71.04188851241292
4557,48.50397935006826
4558,32.58098847196601
4559,56.163859786350145
4560,29.803952445904258
4561,31.408920577823892
4562,63.22441384719778
4563,35.10013790835571
4564,29.448975196973407
4565,59.44411288105894
4566,34.388480887892456
4567,52.02455587176486
4568,53.72424809204563
4569,59.608995261989094
4570,29.610550983310418
4571,34.726950879153776
4572,24.88328074318269
4573,69.13022276188164
4574,30.20790336238929
4575,29.957988727967575
4576,38.510334584847215
4577,58.30148321191328
4578,74.16405773478016
4579,29.517470426217187
4580,36.07872263956
4581,56.68739036435153
4582,46.477084997973016
4583,78.79928223004974
4584,33.41860898842597
4585,62.07829665518325
4586,26.026529271251718
4587,33.65492321938922
4588,53.692511408298884
4589,63.38968526496882
4590,73.66746406762007
4591,35.13225466701584
4592,65.24889817683554
4593,68.97185623130613
4594,24.88328074318269
4595,30.03898013177252
4596,51.11633777496172
4597,29.541893799275613
4598,34.732875627616465
4599,32.7255224475945
4600,71.85864648014532
4601,34.02646418178432
4602,37.061645884420386
4603,61.749238213647956
4604,67.34965095584222
4605,75.06012772533808
4606,47.18161332490904
4607,32.35528666391923
4608,38.62995862702614
4609,65.24239224647789
4610,36.951923560714135
4611,28.63105153830884
4612,41.27617944138329
4613,37.752423721538065
4614,33.92124066261675
4615,32.137536671412704
4616,64.97963629455037
4617,34.51513977766717
4618,78.79928223004974
4619,39.171633438398665
4620,38.981751042107874
4621,32.352370678174736
4622,45.26845004960805
4623,25.039182407023077
4624,42.822662579454004
4625,70.98275317053397
4626,61.21730781675876
4627,76.76872532370865
4628,69.03958831630098
4629,32.112184111070206
4630,70.74907226912521
4631,75.08726623715432
4632,43.50078106571516
4633,29.21298136925867
4634,61.58177180521807
4635,41.6850713790623
4636,36.66767268176085
4637,36.69585157873382
4638,63.60384775384185
4639,68.19995707107194
4640,36.447009968295646
4641,67.25514184525144
4642,33.8703426560474
4643,72.26122838368278
4644,37.98348651107557
4645,24.88328074318269
4646,74.07398965884914
4647,68.34009041435101
4648,33.96021533785654
4649,24.88328074318269
4650,45.287481787268874
4651,37.99035606724573
4652,40.75268495778931
4653,67.10930424749819
4654,78.53917175155573
4655,39.80369657663837
4656,33.53297624290974
4657,33.852089894943276
4658,27.828728569165776
4659,62.609498490731625
4660,27.3156818926268
4661,41.21508860378384
4662,58.43534355174579
4663,48.43263107865096
4664,76.20271411816896
4665,35.82726143646602
4666,76.93501511743855
4667,26.47572052835261
4668,24.88328074318269
4669,41.888499616380884
4670,41.80202970306212
4671,55.72863022141068
4672,44.054430681845645
4673,36.996869180421754
4674,55.63763029673886
4675,51.30273435298869
4676,34.86351264571249
4677,74.68572383817082
4678,32.76560833499798
4679,50.91922334286574
4680,63.195377534633906
4681,30.15010688047977
4682,68.3376930430021
4683,43.41391466396985
4684,65.39894216503217
4685,38.969975356509224
4686,67.4410758026811
4687,65.96336361979684
4688,40.09836563320067
4689,64.73710726599501
4690,28.172499138037097
4691,69.7834877105752
4692,52.28782012560593
4693,28.317601837900895
4694,70.19504027876158
4695,74.42672215798876
4696,58.24389830297493
4697,29.28303002857143
4698,46.03940313308142
4699,61.2596604136796
4700,69.58969226711804
4701,34.72305166932347
4702,43.661201657354866
4703,35.361098135674496
4704,24.88328074318269
4705,41.45266503964581
4706,34.614455805611726
4707,66.6812841312281
4708,29.258591837567792
4709,36.12446017813147
4710,28.927053687652062
4711,30.795004758266543
4712,56.743882843465784
4713,35.1549044273321
4714,38.563923132736676
4715,74.056055505832
4716,35.298039753804574
4717,70.51230808030073
4718,34.11709971420038
4719,31.35654004115213
4720,70.25972961058946
4721,33.822406776556875
4722,38.41206875988752
4723,24.88328074318269
4724,36.06241443320641
4725,27.40725295066801
4726,35.85908688481321
4727,64.86667448332341
4728,70.36715835770565
4729,58.483649420514126
4730,71.73607779004908
4731,62.47059609789392
4732,37.43315656700753
4733,38.143315293539004
4734,43.571936356721665
4735,29.795426857759935
4736,35.88702330710345
4737,68.13639466131337
4738,28.329510898339834
4739,77.2492768583981
4740,73.75997654511801
4741,28.770862703058924
4742,32.70210152506047
4743,68.49344272993125
4744,51.61617923740357
4745,65.52438286073141
4746,48.443058791504626
4747,60.4652167580422
4748,48.13418783774381
4749,67.60389772569138
4750,32.07170840954183
4751,41.29596940023312
4752,33.582249029131134
4753,68.11820282097187
4754,78.79928223004974
4755,35.25583418887328
4756,56.93427797283836
4757,34.703017441643425
4758,68.74077005990014
4759,30.29697483006214
4760,48.38532690335033
4761,69.26090911512574
4762,29.223412180131618
4763,69.62444995918969
4764,37.18731251306366
4765,24.926249005764817
4766,31.692901933469045
4767,33.4028078749983
4768,36.35648060426313
4769,34.65512009311777
4770,33.83317925876486
4771,31.49661903404035
4772,42.73138510065081
4773,74.16380233459478
4774,43.355919154176206
4775,56.25716184044208
4776,65.91780713392029
4777,31.362143355697242
4778,31.876298256328823
4779,61.826231702399056
4780,42.766179487465735
4781,67.42704874109404
4782,31.258483188293326
4783,36.380429505227724
4784,33.44196144171568
4785,36.705870272117906
4786,32.27493956642246
4787,67.81180161670659
4788,60.34367842905556
4789,74.24426455975865
4790,27.67203502692459
4791,72.5620382385801
4792,58.24286247364239
4793,31.647401360843105
4794,28.49705224829563
4795,31.75841014408286
4796,43.05455340230452
4797,25.869006225349096
4798,35.65605749817024
4799,53.05720540324751
4800,62.88761000977621
4801,27.303669237400186
4802,28.119728740922596
4803,33.19884674610785
4804,33.80758354302975
4805,31.394338838044973
4806,24.88328074318269
4807,71.62517738616242
4808,34.69005363554527
4809,78.79928223004974
4810,63.950233405182615
4811,70.13381608578396
4812,28.19495327957651
4813,31.469272012760996
4814,62.11766171876366
4815,52.78034184076279
4816,51.14986036916919
4817,57.05592900575553
4818,35.56479649545099
4819,78.79928223004974
4820,32.464543197403714
4821,34.36215153934461
4822,47.091750458947175
4823,57.54273412624926
4824,35.572150805809514
4825,26.96388203560383
4826,49.30724305552775
4827,29.128450774883163
4828,60.73308551394939
4829,31.290141329988785
4830,69.01143993465078
4831,59.69072814483996
4832,69.33805707466993
4833,29.119184341489756
4834,26.61893111867124
4835,27.44172455487933
4836,24.88328074318269
4837,27.651042298643574
4838,60.0248210102928
4839,76.23600453816272
4840,46.43681419857849
4841,54.54771569682248
4842,30.2255155086836
4843,37.56795753481481
4844,42.62062977285416
4845,29.28532799075566
4846,47.511241233714486
4847,71.67476367066143
4848,71.2202848722892
4849,34.39769650360276
4850,26.21469952181394
4851,34.23518313414104
4852,57.384323202416866
4853,24.88328074318269
4854,30.6946966837412
4855,49.68575303641393
4856,71.63469749834633
4857,48.13715442083665
4858,40.60591664312233
4859,36.78201596639738
4860,35.783506770582335
4861,33.12267361330396
4862,31.45072854916998
4863,32.17606504835305
4864,68.40511630028092
4865,36.90371692825687
4866,70.32540491787961
4867,40.161280601086446
4868,36.49681832729274
4869,48.43644935850858
4870,34.99803755826525
4871,70.98197979313139
4872,63.19576182667578
4873,35.24389735186128
4874,30.714655279863166
4875,64.27298082342699
4876,62.08201725698726
4877,33.41272518368697
4878,76.84497408121926
4879,71.2850057617332
4880,33.03644654215418
4881,48.50266663153354
4882,34.71301031399199
4883,31.088377671142894
4884,40.03463801207377
4885,63.16058285606448
4886,74.21526640338112
4887,39.110720405644486
4888,46.017142549829714
4889,33.291871561886865
4890,42.53877845065237
4891,46.02339313284979
4892,26.69808068604391
4893,72.03910766648116
4894,36.81113837624281
4895,30.230272441854254
4896,39.88319225677475
4897,59.17032505484662
4898,42.354652030058475
4899,70.40269345465339
4900,43.47988914562457
4901,63.63247860804816
4902,48.659609664747634
4903,64.24230756987515
4904,55.197904346640684
4905,62.695329524279224
4906,69.41089361393847
4907,36.76691019718771
4908,28.389055095734363
4909,75.91712068744334
4910,43.13032734368544
4911,33.69320289752284
4912,31.14509387489352
4913,71.10877941902461
4914,37.22466271630276
4915,37.16926461981231
4916,40.9959263220681
4917,48.744021329479324
4918,28.0144476257139
4919,66.11054511672177
4920,24.88328074318269
4921,33.954380338092506
4922,32.46045301365382
4923,64.01640010352793
4924,39.055087155221074
4925,48.27928527383588
4926,72.13812291401695
4927,37.362945780014044
4928,70.99617083095723
4929,78.79928223004974
4930,30.682374301682103
4931,46.62518707594916
4932,40.33971841737281
4933,58.176396656635575
4934,32.32285944111152
4935,34.18894407211013
4936,62.91557027669477
4937,29.256146378194273
4938,78.31758875543531
4939,36.00168637961198
4940,42.47834936683652
4941,65.27502182314912
4942,40.72413658465103
4943,62.41186755293947
4944,27.245830471264696
4945,76.11053650472883
4946,27.79612537185173
4947,39.63156572630339
4948,29.532779074186294
4949,41.657065455824636
4950,33.5092778801577
4951,26.679213258173114
4952,40.99994693296638
4953,58.80329952706035
4954,38.94460564065611
4955,69.47127049709525
4956,42.68223822561302
4957,28.818130217672206
4958,54.780712507178464
4959,41.21502891025028
4960,34.11269341972388
4961,29.903253298159996
4962,68.26208515863608
4963,41.6664714201695
4964,44.86212358826555
4965,69.9683751028449
4966,34.00474517110962
4967,46.07469579631698
4968,75.98703450176083
4969,72.32325661571954
4970,71.25169474788564
4971,60.01206385199938
4972,40.76343844497342
4973,25.756387239843036
4974,69.13814187074047
4975,31.377318474111746
4976,42.59798912544678
4977,26.19335883002151
4978,53.09734774592798
4979,43.726188728948614
4980,71.10970821183457
4981,32.71437629430585
4982,33.35546277288435
4983,39.45671423845363
4984,39.916665483045705
4985,60.528875431784115
4986,72.39233427492854
4987,25.17796779893058
4988,53.94297225061097
4989,45.79199030537606
4990,59.82513215844318
4991,69.5286721973792
4992,36.93951971363272
4993,27.345520128220414
4994,47.19647520044373
4995,33.886343891897525
4996,62.27097723627841
4997,57.22684515960225
4998,42.11300066826598
4999,72.86408132452596
