ID,LoanApproved
0,0.9999434793262965
1,0.0002752021896150593
2,0.999903373463574
3,0.9999643367620561
4,0.9996133301096016
5,5.203823465121238e-05
6,0.9999917570346514
7,0.9996321701247766
8,0.7459809477710153
9,1.3462879821590417e-05
10,0.999159385369114
11,0.9419593334318672
12,0.5637534271323223
13,0.9999475466279788
14,0.994939234536508
15,0.0010955324653599877
16,0.999999105494867
17,0.9996218001066964
18,3.595230174092809e-05
19,4.8400481948194006e-06
20,4.7174569612790874e-05
21,0.999800476551042
22,0.0007578175967437537
23,0.5878968713412026
24,0.38858543222114694
25,0.9999902330497877
26,0.9998429070389979
27,0.9999856173841607
28,0.00016507547528344743
29,6.577333034653654e-06
30,0.9995598174976033
31,0.01628683104409534
32,0.9967505501647949
33,0.9979832906539972
34,0.9987037765883758
35,0.9999758341266987
36,0.0009381984848294402
37,0.03364626049230127
38,0.9754266189921819
39,8.996731497760574e-05
40,4.497394672102954e-05
41,0.5894267640279457
42,0.0004660860745809364
43,0.9999943217200986
44,0.33231919255916226
45,0.9997156530252719
46,0.9992186173277462
47,6.021235578943998e-05
48,0.9999972312139113
49,0.9999626122613584
50,8.06732564122978e-05
51,0.002585887972142801
52,0.008669193613349451
53,0.9999452487897166
54,0.948608984556775
55,0.7879801946408662
56,0.010216506974275508
57,0.9998961096667749
58,0.9995410250405203
59,0.00022711701061371684
60,0.00021947331034337579
61,0.0007440458433121995
62,0.9996094336161723
63,3.211754331381075e-05
64,0.9995334826589285
65,0.9996219571451284
66,0.00011369652174023541
67,6.0199298783734474e-06
68,0.9998219385385997
69,6.040921674268731e-05
70,0.9999142082755645
71,0.9999517307526075
72,3.5238418949227764e-05
73,0.009558914203050271
74,0.001112298233834197
75,5.0788779328668496e-05
76,2.392136192828009e-05
77,0.9999965777150123
78,0.0006548624504761575
79,0.0011608343821474499
80,2.7151330848799977e-05
81,0.31769265130643526
82,4.908198747884646e-05
83,0.9995968220720706
84,3.588246751776114e-05
85,7.766285708232216e-06
86,3.7633337421564644e-05
87,0.9999879421645578
88,0.994437362791999
89,0.13814312371705367
90,0.9971320822755626
91,0.9933076793985504
92,0.9665979688811162
93,0.9999957237786087
94,0.9965405760371875
95,0.9997138792165842
96,0.9997754318817614
97,5.072194441890695e-05
98,0.9304088767181411
99,0.0015170453922864282
100,0.999957279819644
101,0.9997830280517617
102,3.966155072309846e-05
103,8.630830937836264e-06
104,0.9999555254397919
105,2.126502799728035e-05
106,0.00023024053904468163
107,0.00017800815490248708
108,0.9999216199515228
109,2.273279612085085e-05
110,3.735621078344209e-05
111,3.7666806404114127e-05
112,7.024479767336795e-05
113,7.26744797037575e-05
114,0.00011922358768248664
115,0.9933470952503771
116,2.4770547160136073e-05
117,0.000620165753653655
118,0.9446993874006472
119,0.9856835176410934
120,0.99990382760838
121,0.00026003165249729397
122,0.9343831904821509
123,0.06684900316991531
124,0.9823012336364035
125,0.0031057500098583316
126,0.9999807361403398
127,0.9999731699634182
128,0.9999698591021083
129,0.0003391626644406136
130,0.999602343815345
131,0.00014844896194433845
132,1.7994134481547313e-06
133,2.8827697414574347e-05
134,0.9999979938073928
135,0.9958743771373287
136,0.9999970930228317
137,0.27050649264786303
138,0.9999985876686134
139,0.9827515935990566
140,0.011967627250777591
141,0.8759482560655439
142,0.999982662455411
143,0.999964891772577
144,0.006795261976409868
145,0.9999963364034935
146,0.009419645826160028
147,0.0008401888299732086
148,0.0006656913151350435
149,0.00047710297020598107
150,0.9914520522968224
151,0.9935040923150777
152,4.553344455720297e-05
153,0.9938914777085168
154,5.012486190728924e-06
155,0.9999834464726561
156,0.0006451316917430124
157,0.0011224111651866485
158,7.268263082791209e-06
159,0.0003411627544579897
160,0.9526573384181165
161,0.9517592017893597
162,2.0633754589887998e-05
163,0.38117036750043476
164,0.9871527165467731
165,0.011930300367839002
166,0.5872246437769894
167,0.526265019461993
168,0.999699575831766
169,0.9991113393881246
170,0.9544614412722118
171,0.19070116269905893
172,0.008147437759311699
173,0.9988237893107562
174,0.9698398004027647
175,0.0040424645956357325
176,0.9408473391047765
177,0.9997715434387098
178,0.9875567769968415
179,8.36804522317531e-06
180,0.45630177875730765
181,0.9999684387189712
182,0.001588076898891108
183,0.0003216685340133166
184,0.00016383661137887395
185,0.0004224928902354471
186,2.0701468522741765e-06
187,0.3914876515335508
188,0.9999501908812501
189,0.9999994984237719
190,0.9998610155784311
191,2.1757694396830535e-05
192,0.05938715441882791
193,0.9999906825974476
194,7.885593729985835e-05
195,0.9999661944882862
196,0.999920661689742
197,0.000515686728302091
198,0.0012812245692815955
199,0.9969143702549711
200,0.9999936220401039
201,0.027792896907083645
202,0.9979125224059672
203,0.9999071226206817
204,3.365187092496389e-05
205,0.0009029413165150356
206,2.4561634674457033e-06
207,0.865363927694953
208,0.0005137875306883852
209,0.9523425672012151
210,0.9711685307729551
211,0.9997299684614177
212,0.000314678388788247
213,0.03386289745385091
214,0.9992748485992837
215,0.0013443472101512068
216,0.00017961998405139834
217,0.09893738211051809
218,0.1076771392762972
219,0.9988980377638427
220,0.9999437101650003
221,0.9998429928777659
222,0.9996178776467095
223,0.05422252136164218
224,0.9998240567115896
225,0.002076376471754138
226,0.00014979703297238254
227,0.9998563729882551
228,0.5870692466862772
229,0.9998634236396771
230,0.9280178976487305
231,0.020616088865898295
232,0.727478781246803
233,0.2057484917529448
234,0.0004705524933814622
235,0.0061015061773787484
236,0.9998662899807408
237,0.0016242417011263486
238,0.019702601742900897
239,0.9998296712666768
240,5.9193849981597924e-05
241,7.488990861914916e-06
242,0.005736159191901528
243,1.2552650279407273e-05
244,1.946753299968872e-05
245,6.500224709626435e-05
246,0.999999158274608
247,0.9995484585345075
248,6.232852110699831e-05
249,0.9999986410917346
250,0.00488101497075209
251,0.9991466346240805
252,0.5738978866333182
253,0.00012998807631626628
254,0.031667602704789
255,0.9999933818657633
256,0.20215286357968432
257,0.00019850364806418792
258,0.00958924762642062
259,0.9999762683395783
260,2.273142773536167e-05
261,0.0011323736248715125
262,0.9999851800691384
263,3.7462874724902525e-05
264,4.471189131209615e-05
265,0.9998931001365514
266,0.9884676512784182
267,0.9987666867708398
268,0.00029811612663256394
269,6.371488440015399e-06
270,0.9215713499144119
271,3.09944860379963e-05
272,0.9999770502207803
273,0.17211685054473014
274,0.9977276528458402
275,0.9184584418558065
276,3.477521099255388e-05
277,0.7298264658144976
278,0.045419423542949144
279,0.9998962041142676
280,0.0004371801799213167
281,0.004573980424219522
282,0.14102265258719673
283,0.3708474068506887
284,0.9986483691769025
285,0.9999964849209823
286,0.9973998884660639
287,1.587104716382754e-05
288,0.02131442907663182
289,0.9458233110938729
290,0.970881276126683
291,0.9623169617359862
292,0.008827935908569277
293,0.0005416654169962082
294,0.9999798649642705
295,0.0005125929490917259
296,3.2809322452137748e-06
297,0.9824489360257568
298,0.7802433627511299
299,0.00018891043451835183
300,0.009442665652837585
301,2.917057020571057e-06
302,0.9636431291310614
303,0.9979987377934999
304,0.009599272433355253
305,0.9999937785228772
306,0.9999564763892093
307,2.0096165451554643e-05
308,0.9347346406732638
309,0.9994156766701637
310,2.826969868911982e-05
311,0.00014236511402217065
312,0.2951569937228794
313,0.4874744486620481
314,7.341489882937794e-05
315,4.873020072990479e-05
316,0.9992180120220778
317,0.9998431546837899
318,4.911925069865997e-05
319,0.9998747629078414
320,0.9999825447891443
321,0.7128014153397548
322,1.7212386919603884e-05
323,5.442419146612783e-05
324,2.880525526237948e-05
325,0.3179622268270378
326,2.623878339140266e-05
327,0.9999838367705997
328,0.9932422877473641
329,0.9999652715405328
330,0.9989464905435891
331,0.0010752409135074614
332,0.9997432883259065
333,0.009960203214910583
334,0.016382609497055754
335,0.0002524187553158234
336,4.412253320117444e-05
337,0.9999869049365958
338,0.9987830270502163
339,0.0378926078597123
340,0.00310855938764136
341,1.3516778918318298e-06
342,6.79977771602791e-06
343,0.0004043110859866541
344,0.9999060844725486
345,0.9999908050592643
346,0.24496657931014945
347,0.9654386116951995
348,0.994722085131424
349,0.9997848377368739
350,0.9148784406980157
351,0.9996935641749288
352,0.6474440683681469
353,0.9999804194641988
354,0.9999297203370888
355,0.9999158075855153
356,0.9999991712333697
357,0.9999969457643759
358,0.9797166961218893
359,0.0002222486386658058
360,0.9994696244363709
361,0.9998959952364948
362,0.9947123544900296
363,0.00010481746306823653
364,0.006763248710675635
365,0.09831021785618001
366,0.0003193210384618445
367,0.9999798692896282
368,0.0001017601545431263
369,0.5235954060403881
370,0.9999758810228943
371,0.9999665804369233
372,0.9999526432916709
373,5.894335938938904e-06
374,0.05766405404717573
375,0.9980023181313686
376,0.999997787165129
377,0.0009332000857680107
378,0.9990997244137132
379,0.00037178114775677303
380,0.9964205227490402
381,0.988494081824651
382,7.809569338487033e-06
383,1.9192424788019574e-05
384,0.35046772777707064
385,0.0001011966444948703
386,0.9999572600087527
387,0.5865987509090054
388,0.38574552021719993
389,0.9949079492669087
390,4.688314026926759e-05
391,6.141679519161541e-06
392,0.000527403632782808
393,0.9999929114154283
394,1.0206755073319643e-05
395,2.1174694206187934e-05
396,0.9999691443410328
397,0.9998653536894652
398,8.246876797933065e-06
399,0.9950845612056362
400,0.0053937731401085525
401,0.000198295047896072
402,0.9999901173405235
403,3.0118358445104433e-06
404,3.7478052172192626e-06
405,0.06112906252489961
406,0.9999451717801289
407,5.328475994116552e-05
408,0.1955712534354987
409,0.9997571416794643
410,0.9800490793758558
411,0.9999758426652436
412,0.9999955021649926
413,0.8917672771792375
414,0.00019136317284255936
415,0.994741848380278
416,0.0028183823108679827
417,0.9998644211378521
418,0.9999928099589581
419,0.998936897328811
420,0.999998580725727
421,0.9998754514853754
422,0.9999130183258075
423,0.0038797624153583668
424,0.9999969461495369
425,0.05010641558616744
426,0.9989491016984066
427,0.9998339630920752
428,0.002595902598749795
429,0.9998688782915768
430,0.0013318871188530397
431,0.9999667944667444
432,0.00010401449034468246
433,1.7745476171927338e-05
434,1.66387553933029e-05
435,0.0007422154061794855
436,0.9999155472684171
437,3.829934415803937e-06
438,0.9605853237831595
439,0.000389825954236671
440,0.0013266961744490193
441,0.9914665490591335
442,3.075410461007437e-05
443,8.82770909638505e-06
444,9.521762820618291e-05
445,5.451686903260059e-06
446,0.00040205755017798774
447,0.002833018035368274
448,0.01755922656891436
449,5.862318321121844e-05
450,0.000608738520834444
451,0.0006557326274552954
452,0.9999168554158905
453,0.00030276340508483184
454,0.05506299019529292
455,0.0047125213871568195
456,0.9724682536513896
457,0.18769978069600976
458,0.9887168293343681
459,0.2826501382117046
460,0.9989746760888508
461,0.9941664346300461
462,0.9999986436847204
463,0.048362901497603375
464,0.9999974487159722
465,0.015563482380012495
466,0.9999942748890753
467,0.00030647797840606937
468,0.9925590338727266
469,9.964572987818928e-06
470,0.00047187347215642934
471,2.101924743834427e-05
472,0.999819791831918
473,0.9998156307122016
474,0.9999948800395062
475,5.330813063061985e-05
476,0.9999975120239398
477,1.8127782523289976e-05
478,0.9999843512664249
479,0.5033051964142616
480,0.002736571500286894
481,0.9943615472787971
482,0.0005151112353534907
483,0.9941154520068337
484,0.999967672136305
485,0.003402154849743551
486,0.0008010455680111233
487,0.9998987143677321
488,5.027476824596573e-05
489,0.9999800900844524
490,4.20334727281422e-06
491,0.9999883800944191
492,6.711171964392593e-06
493,0.9969655483987877
494,0.0002075561783115586
495,0.9999770814620124
496,4.7056427440058396e-05
497,1.1086712149060756e-05
498,0.786870741201008
499,0.999974646145765
500,0.3649693806940513
501,0.8556323521445425
502,9.917100745652307e-05
503,0.9999729143632612
504,0.4248240972356813
505,0.004913712189619494
506,0.02403921275951132
507,4.627639053275724e-05
508,0.9999961242763034
509,0.00012132242323153822
510,0.04117362872789847
511,0.04436901318521044
512,0.9999818105522376
513,1.2689991072233007e-05
514,2.3376191987934723e-05
515,0.9999951713925299
516,0.9552778267606725
517,0.10506965062517218
518,0.9976830059032554
519,0.9480018648852384
520,0.015277972537405307
521,2.92367920444401e-05
522,0.00021065626113332933
523,0.8960790197928109
524,0.6327316866151458
525,9.817007947287678e-05
526,0.012353242109194315
527,0.0611762538371277
528,0.9967116859304159
529,0.9999444561744878
530,0.9998548969228699
531,0.9996032276132589
532,0.2577000438177797
533,0.00013871245320570377
534,0.036847279382279816
535,0.997840892598907
536,0.020737683421116062
537,0.0001426640336115335
538,1.3889387952769632e-06
539,2.046597855002503e-05
540,8.94376854308342e-06
541,0.998874554468932
542,9.41607368014127e-05
543,0.04127048320443655
544,0.002354729997137014
545,5.732177848761128e-06
546,0.00017423415735759828
547,0.02295649655465377
548,0.00017585275753286665
549,1.72932841590328e-05
550,0.9498779145524392
551,0.9993710573132149
552,0.00017816949855040766
553,0.9987918483285919
554,0.0010776167495705992
555,0.3017727472193518
556,0.08310116874528349
557,0.9982424227309099
558,2.09639232256923e-06
559,0.999455113891189
560,0.9980960096584557
561,0.0011455794735344472
562,0.00010510555016447035
563,0.0013019779287962016
564,0.9999067349295432
565,0.0012163252448960478
566,0.02774102414803783
567,0.9993336348308671
568,0.006810353157514738
569,0.999873678001058
570,2.822641371448466e-05
571,0.999754228958794
572,9.703398706177074e-05
573,0.00023064088190967046
574,0.5626326981536627
575,0.859784500976724
576,0.4089042142901065
577,0.9998093289774138
578,3.41850605874229e-05
579,0.9917182242118425
580,0.999870502906736
581,0.9998450220153384
582,6.971664362808111e-06
583,0.08404172149412549
584,0.9999747571159957
585,0.9999233904011554
586,6.559836677243233e-06
587,0.05895806167452453
588,0.7128961258394618
589,0.9997195616349275
590,2.7984430104495932e-05
591,0.9979624028608298
592,0.0001506851290423404
593,0.0030895365421429307
594,7.240507686385241e-05
595,0.9999789587433345
596,2.090617464810342e-05
597,0.9892323943603678
598,0.004087133133688223
599,0.02403279571312623
600,0.9992231457973119
601,2.862525670467272e-05
602,0.0003724777741059604
603,0.021177638787297223
604,0.0021371768394566636
605,0.9996012882702504
606,0.9877771028469122
607,0.0033325178372964445
608,0.9999726313538222
609,0.9976786296103972
610,0.1622656135518709
611,0.9780066279150824
612,0.9011173035984973
613,0.9504111055333657
614,0.9969936096647368
615,0.9987655955953119
616,0.9999434028377808
617,0.9996358739144743
618,0.5442497014254627
619,0.937778791157448
620,0.9998699047325064
621,0.0001381344179157147
622,0.00037258338367886234
623,0.03344035960888465
624,0.7983788745397664
625,3.941908176635577e-05
626,0.9479530096870264
627,0.0001178259795651434
628,5.7150517266617885e-05
629,0.9999753430773521
630,0.9979109158757892
631,0.9999676272714164
632,2.962570548780434e-05
633,0.9997762172451403
634,0.9999267004779117
635,0.991437090103557
636,0.949060041879651
637,0.0003238698087510554
638,0.9997170613885829
639,0.0014061108636996599
640,9.617276065903793e-06
641,0.703163215945246
642,0.9971674093447943
643,0.0028330577315819217
644,0.0003536251210520509
645,0.9983634877642836
646,1.710916904907535e-05
647,1.0592528822718281e-05
648,0.0010494208672523358
649,2.3587035653809684e-05
650,0.9999864397261822
651,0.999997982608174
652,0.9999699233376824
653,0.9992232815541936
654,0.9990922859980181
655,0.9758076857621057
656,0.9991600289211042
657,0.00020488777379171007
658,0.9419938662892215
659,0.9956886162471789
660,0.9582956032210062
661,0.9999995602822429
662,0.9999767048000667
663,0.9998964240238394
664,0.13295425353678506
665,0.0015232277411576795
666,0.9989355526162733
667,0.9980299963881802
668,0.01709104555811724
669,0.9972676038599511
670,0.9999360825355651
671,0.9999638910524649
672,0.9999997087223906
673,0.926872259028412
674,0.997155898654129
675,0.004260143216457615
676,0.6897897501980909
677,0.9983444551449858
678,0.9949266690050899
679,8.103925505421846e-06
680,0.00010318595345501678
681,0.9787731697561773
682,0.9842098000357226
683,0.9908099799269636
684,0.9998439658820115
685,0.021353279846387782
686,0.00016701036680747284
687,0.9999773368412831
688,4.4161893609546905e-06
689,0.003156947904365956
690,0.2725813892100523
691,0.00026547601135876045
692,2.550655056375527e-06
693,0.9449633102874636
694,0.9998929536045497
695,3.7004861149426962e-06
696,0.00245091713308423
697,6.215055741168452e-06
698,5.11875330150307e-05
699,0.9977121258317458
700,3.3650965720698645e-05
701,0.9518750928490715
702,0.9998246807480985
703,0.9999775364541149
704,0.9999791652530435
705,0.9999969553463879
706,0.24903102778066522
707,2.3791326215964865e-05
708,1.7113688255480955e-05
709,0.9581499443945535
710,0.6113670984372525
711,0.1745861879658505
712,0.9999986082322269
713,0.0004422651325383686
714,3.4026671118305275e-06
715,0.9999985271601842
716,0.9983389812986895
717,0.004838921467201301
718,0.9902196688019583
719,0.999613653206892
720,0.0008917418914683704
721,0.00022795550124918648
722,0.9999979839311561
723,0.9983262385384911
724,2.7028811717862166e-05
725,0.30150526383103243
726,0.9976760442753126
727,0.90511350631094
728,8.703473791063057e-05
729,0.9999947189793944
730,0.9847586991234205
731,0.0004995928340883454
732,0.9987061669149355
733,0.7888377953597903
734,0.10732933783824095
735,0.9999779022547663
736,0.0004857280467316837
737,0.009168703603462688
738,0.9995060811089742
739,0.9999934210462875
740,0.9996883109391429
741,0.00028611625517592265
742,0.9982966461862547
743,0.6264866404162186
744,0.9999707194813136
745,0.19362835521412633
746,0.6498814999353916
747,0.00011225806691240699
748,0.9950015876690187
749,0.999449926886301
750,5.875004933498058e-05
751,0.16078729446828172
752,0.00020454378850131994
753,0.43798954534370577
754,0.6354304027030594
755,0.03859565993340104
756,0.9999894277676487
757,4.358907682376772e-05
758,0.00012703930266641246
759,0.044679359171060556
760,0.9999910264698497
761,0.7459174732607193
762,0.9997947963553759
763,0.9990234257284333
764,6.738908888737597e-06
765,4.457293548545486e-05
766,0.9999606982166994
767,5.284743806442064e-06
768,0.9989444014339554
769,0.6371722545412559
770,0.9983447881052684
771,5.98069490661032e-05
772,0.018144463569347895
773,0.9999528154916403
774,0.9995074429179089
775,0.920602150342755
776,0.9998891055295611
777,0.9987113918585396
778,0.9998376792250662
779,0.9999097809068016
780,0.30674093030299504
781,0.204051232386242
782,0.00026013513514695796
783,4.297563214928886e-06
784,0.9999087931367767
785,0.9995488712928774
786,0.17076283615823393
787,3.474800567634444e-05
788,0.0015888779053660745
789,0.9907711788722967
790,5.2522026268676283e-05
791,0.9999584468740995
792,0.9998409434668322
793,0.9999035754341673
794,1.8281541210649382e-05
795,0.7640346131975752
796,0.9849132064509932
797,0.9999938893971514
798,5.022981990814793e-05
799,7.97915065291525e-06
800,3.7743255425372226e-05
801,0.881761225670136
802,0.9998698819540809
803,0.002819092734417065
804,0.0006675570909021636
805,0.00017487822997844013
806,0.0018412692026127417
807,0.07576842772029263
808,0.00027288324786810204
809,0.011675176178134369
810,7.279817438535945e-06
811,0.7412379985304656
812,0.9999975835985476
813,9.235048864431993e-05
814,0.9982313692162214
815,0.00012271202209061205
816,0.999993069798415
817,0.0399742641095298
818,0.0001039749486107663
819,0.9999588415722015
820,0.9999445851621004
821,0.1648232176054413
822,0.7871399590483005
823,0.0011311066123715432
824,2.8375147077357406e-05
825,3.341840696681676e-05
826,0.19040845470282472
827,0.4277896736881818
828,0.9997574862753927
829,0.578328450248007
830,0.8913445788790473
831,0.00043490935539161987
832,0.9967425586124623
833,0.0062581215703375135
834,0.9998948579852796
835,0.009326471423856208
836,0.9980828611594305
837,0.9992159550722742
838,0.9988529316084253
839,0.24016587001660875
840,0.01142062793208421
841,8.304810384239879e-06
842,0.010942082416247192
843,0.9975068066040393
844,9.674254175404463e-06
845,0.9889303271985864
846,0.9963886010829196
847,0.9999836158476283
848,0.00041980268813466247
849,0.8377662031368681
850,0.9999695783595224
851,0.0005288341824405743
852,0.0003319933229271608
853,0.935583325672453
854,0.9999829761365966
855,0.9973125329451706
856,0.00028642051768746295
857,0.9999785044733752
858,0.936346671483508
859,0.00794296746239371
860,0.9993715823439395
861,0.43172998216457975
862,0.6379530496427104
863,0.9999893082781219
864,0.9999844801967444
865,0.005581665952286659
866,0.00010210518404235479
867,0.9957875996071789
868,0.5473534780477485
869,0.0002121737477286722
870,0.9998605908936419
871,0.9998184857642899
872,0.00737802809725039
873,0.004779900382583375
874,0.9999961961098397
875,0.010437010262288517
876,0.9999619886765255
877,0.9998936489290873
878,0.871087572525868
879,0.9999979119394634
880,0.990279925818629
881,0.9999198397375705
882,0.08142388933449406
883,0.9999861855264228
884,0.2390466015365572
885,0.9999708709771656
886,0.00025050324488878726
887,1.7814235908368885e-05
888,0.00028149537628658125
889,0.5548093591806285
890,0.999990384478147
891,0.9988594431226772
892,3.766023479554776e-06
893,0.9999333165144234
894,0.9978789158249459
895,0.9999950403640487
896,0.5480258723949282
897,0.0014116594572324255
898,0.005840990918311841
899,0.008228421680078804
900,0.999988389963646
901,0.00014065896508901613
902,3.957860186334026e-05
903,0.00011588838275799517
904,0.02404098016897329
905,5.7274780068512634e-05
906,0.9961199612701611
907,9.559985139643126e-06
908,0.4766506443610076
909,0.0033394622316684384
910,0.2779211997886898
911,1.3624011080263142e-05
912,5.7479346290358115e-06
913,0.001849512318137488
914,0.999982147193927
915,0.25856266528267724
916,0.002657810810302566
917,0.001161647570811837
918,0.9999936516026493
919,0.9972290971304102
920,0.9999328618397147
921,0.9999878051957687
922,0.0014705245316733065
923,0.9999790858463342
924,6.43670098875179e-05
925,4.0661977552381256e-05
926,0.18391453966173624
927,0.9999123985982391
928,0.5789501401259531
929,0.9999881947753464
930,0.9996646178122176
931,0.9999640967105065
932,0.9998120959081969
933,0.759042389176591
934,0.9978087463169766
935,0.043726111339005336
936,0.0006868380110888419
937,0.9999823627858443
938,1.6460398662540976e-05
939,9.116580265449174e-05
940,0.00023738772749508306
941,0.9698730107478273
942,0.7923422138620315
943,0.07581589886447525
944,0.9999300938777862
945,3.2870499072524814e-06
946,0.9994830068928944
947,0.3103015247433061
948,0.024556692032541502
949,0.22193302535766865
950,0.9987531629715288
951,0.0024765051669973074
952,0.0009514473649666653
953,0.027218412266864566
954,0.9123522873675969
955,0.00024639302466154133
956,2.588140050139813e-05
957,0.07808269481714791
958,0.9607933077446802
959,0.9996167241425009
960,0.9999639564969189
961,0.32410152300058515
962,0.9790713748328205
963,1.4199819782864888e-05
964,0.010499061476753474
965,0.999964376987839
966,0.9993746895677386
967,4.597700247692768e-06
968,0.999983013981239
969,0.9999906374014437
970,0.00024998538762394036
971,0.9951553210123514
972,0.9999915415294636
973,0.7295401074722896
974,0.9999877200340328
975,0.950144726391666
976,0.2868610954274426
977,1.7148489641146265e-05
978,4.1518068566283095e-05
979,0.999998774728655
980,0.004845350515993108
981,0.5215851538918927
982,4.4270969720699556e-06
983,0.9995701452552842
984,0.0021272331987578484
985,0.9015957158144567
986,0.998248770445063
987,2.878678523510876e-06
988,0.999401920357247
989,5.134443097076748e-06
990,0.8816034863729331
991,0.0026523528747533515
992,0.5110581307300602
993,0.9999643634211266
994,0.0009357971543336567
995,0.9999927447775673
996,0.9998293208945861
997,0.9997530564962033
998,0.0002172566390693462
999,0.9999849625847815
1000,0.9980078766351749
1001,0.004580145170733106
1002,0.9011273381007169
1003,0.0006557007399712355
1004,0.001368395727347631
1005,0.9999925968153455
1006,9.535802550730345e-05
1007,0.9999763116322442
1008,0.35964190789292466
1009,0.999597388843364
1010,0.00016513582136796814
1011,0.9999313619922948
1012,0.9875962004692447
1013,0.0030456818920565677
1014,0.24436699336532816
1015,4.655855531256037e-06
1016,0.9754306559530576
1017,0.40688587256030556
1018,0.9995909634840999
1019,6.152946385114672e-05
1020,0.9999660671892663
1021,0.9874342356812932
1022,0.9444232193910473
1023,0.00011676860743127755
1024,0.00017407535743172966
1025,0.997387701920275
1026,0.9999594827389986
1027,0.9998868842751042
1028,0.9999980193617292
1029,0.9999524347792051
1030,0.0007993549228973943
1031,0.9999143796251433
1032,0.9998365684635759
1033,0.9999941328586033
1034,0.9999980413708025
1035,7.845699532098742e-05
1036,2.6189152662807403e-05
1037,7.794967325735048e-06
1038,0.002249187325533309
1039,6.844822197129821e-05
1040,0.00010962761357925405
1041,0.9999008690689469
1042,2.533945965572889e-06
1043,0.0004730288492058017
1044,0.9998895464021286
1045,0.0004106027389663611
1046,0.8615507635089091
1047,0.9997854175263006
1048,0.00925208789321752
1049,0.9999234481490252
1050,0.9957272581100112
1051,4.485041208070034e-05
1052,0.9309284586300813
1053,0.03048837519431763
1054,5.178674597713383e-05
1055,0.8520110457142533
1056,0.9997014949762664
1057,0.9999511567197578
1058,0.06741468918149068
1059,0.9999332707605486
1060,0.00013736687753278405
1061,0.7834729608373793
1062,2.707414841193496e-05
1063,0.0018034566125667494
1064,0.8508760895325461
1065,0.7293117777034993
1066,0.0007387913125652076
1067,0.8612268494325576
1068,0.9985224654497661
1069,0.9796820794477932
1070,0.07064820182187227
1071,0.9999983484707904
1072,0.00014836962532856698
1073,0.9478380255000105
1074,0.18906504150570813
1075,0.9965237672298778
1076,0.00023197022089265095
1077,0.9387088533144825
1078,5.447688536688885e-05
1079,0.004050838130482888
1080,0.9999901955174985
1081,0.999149141275713
1082,0.9990161057127213
1083,0.003337017634586981
1084,0.07540216869483413
1085,0.9999520686105736
1086,0.999989209547546
1087,0.0003540966565102135
1088,0.9993771275474639
1089,0.9999101333030478
1090,0.9999893049604905
1091,1.899382308404443e-05
1092,9.001705778381193e-05
1093,0.9999983528717505
1094,0.9982618056986361
1095,0.00014914635098117605
1096,0.960526561498792
1097,2.2158677460095526e-05
1098,0.0001794972934069382
1099,6.308524813440445e-06
1100,0.9894508901671472
1101,0.9994829534402893
1102,0.013395461281963285
1103,0.9999813093428671
1104,0.00038928825801634186
1105,0.999535488516388
1106,0.013163299471729863
1107,0.013390866938873305
1108,0.9999910773308209
1109,0.002292440565267883
1110,0.9970253144923498
1111,0.07371546837411137
1112,0.00219433184153232
1113,0.9994677609680445
1114,0.00024090260243411302
1115,0.000227453022252516
1116,0.006346430650294532
1117,0.9999561592707171
1118,0.0010142828422317312
1119,0.48278559370567337
1120,0.9999714700286033
1121,0.9900684772503464
1122,0.9997358043114007
1123,0.8907556684862357
1124,0.0027555630501802414
1125,0.9999898104984615
1126,0.11315350579926693
1127,0.7430160963634305
1128,0.9915405421721226
1129,0.9984574608458878
1130,0.000862663366013912
1131,6.320674244520546e-05
1132,0.9544618836893003
1133,0.9979336291447681
1134,9.723767694028392e-05
1135,0.9290422634278314
1136,0.9937620744117008
1137,0.709283281620949
1138,0.09092192060453175
1139,0.5795405713315058
1140,0.8489313496677294
1141,0.40713496482750067
1142,1.4899506835293442e-05
1143,0.9999985240796002
1144,7.01224205842124e-05
1145,1.4473835262497282e-05
1146,0.9998903955395286
1147,0.042465849791665386
1148,0.9998964420580415
1149,7.579000980160374e-06
1150,0.9993672444115307
1151,0.9996755142649165
1152,0.9995639230374241
1153,0.0013666283215911209
1154,0.9998818730935962
1155,0.9441921114194778
1156,0.9994913053547069
1157,1.2872249486651375e-05
1158,0.25697012119544715
1159,0.0024910938354323875
1160,0.9999941132210673
1161,0.0003609089194058642
1162,0.0011385464216217035
1163,0.9999178897555406
1164,8.478033092810927e-05
1165,5.175631000131322e-05
1166,0.00016103984059607474
1167,0.0001959703401258686
1168,0.9999746175000385
1169,0.29314022616197083
1170,0.9999768706743597
1171,0.0006596906870243506
1172,0.999932884037815
1173,0.012330089036522864
1174,0.04192022633890979
1175,0.5072383720495207
1176,0.43588423129562703
1177,0.00022008736462187262
1178,0.9763713372181498
1179,0.9999807241789892
1180,0.9006481763844555
1181,2.393222529300627e-05
1182,0.040864808455063795
1183,0.9828969452347512
1184,0.9959682812225036
1185,0.9990140241612667
1186,0.0027507185223865464
1187,0.015108495103231548
1188,0.9999868092620793
1189,0.9999207882964517
1190,0.9999546897345095
1191,0.014121855771577175
1192,0.9940278685270076
1193,0.9969645113460445
1194,0.302495500660209
1195,0.9023337539548721
1196,0.9999622736265513
1197,2.8458058257476567e-06
1198,0.9999092978270864
1199,0.08336849267995955
1200,4.911359887938099e-05
1201,0.9999684432727907
1202,6.794028937223096e-05
1203,0.00022009808877088198
1204,4.941220814814956e-06
1205,0.999941127034515
1206,0.9997557821486874
1207,0.1332835055371588
1208,0.9988062502264805
1209,0.0008113773234244825
1210,0.8143629490767453
1211,0.0014623584168701328
1212,0.00029285507279061166
1213,0.9977006755418468
1214,2.698306769812201e-05
1215,4.9122158712555666e-05
1216,0.9998730800401128
1217,0.008461369809475068
1218,0.9999647890257918
1219,0.0003598085360370306
1220,0.21039992142366598
1221,0.8877752410209652
1222,0.9987867471628136
1223,0.9996069492147057
1224,0.9999535769923976
1225,0.017605983161923473
1226,1.6372385805866065e-06
1227,0.006684664364088973
1228,0.6060223551321872
1229,0.0008299280301130318
1230,0.019988103555689758
1231,0.9999957020653152
1232,0.4979970604586954
1233,0.0007655710934668591
1234,7.152287518616293e-05
1235,0.9907460421110594
1236,1.4904931855000405e-05
1237,0.0034716974039374427
1238,0.9985857689097081
1239,0.9999899724609614
1240,0.9995594069031285
1241,0.003365613593687257
1242,0.9995340419511124
1243,0.9999067973650491
1244,2.069769176971423e-06
1245,0.002968181102284841
1246,0.005005689547795181
1247,0.9712153767432942
1248,0.0002754021982432593
1249,0.9999887579322763
1250,0.9877745614923793
1251,0.9999850037411783
1252,0.999694185188583
1253,0.999487294392458
1254,1.8205372361693128e-05
1255,0.023463163008228267
1256,0.07359939798601789
1257,0.0001655900082510812
1258,0.0007340692566117148
1259,3.163780679907904e-05
1260,0.02137810277489369
1261,0.9999865441272031
1262,0.993225105672758
1263,0.00040418061076548205
1264,0.999995377282799
1265,5.962520759594925e-05
1266,0.9873772357358361
1267,0.00015124314259608375
1268,0.9741298577846735
1269,0.0012397969240966716
1270,0.6453970419512687
1271,0.9997239711728696
1272,0.9994509310673969
1273,0.9280323854773375
1274,0.0001627292406742374
1275,5.7228689829641744e-06
1276,0.0007104045774325774
1277,0.9998026654627532
1278,0.8339270726544629
1279,0.9990266258331035
1280,4.918496372971253e-06
1281,0.0011554325777163076
1282,0.9962663293324006
1283,0.9978300427458735
1284,0.0006953204212086786
1285,4.535067121963237e-06
1286,0.37969931663909595
1287,0.9671331931110533
1288,0.9977849024438681
1289,0.0013726083867737085
1290,0.9996387381252679
1291,2.6057644054799615e-06
1292,0.012866946075507481
1293,0.9999973926197642
1294,4.945473555459413e-05
1295,4.467462744006347e-06
1296,0.997691832533814
1297,0.9941677637860417
1298,0.989080691233962
1299,0.0014590222218112466
1300,0.7919479035420547
1301,9.104634197749083e-06
1302,2.313992090984779e-05
1303,0.0022794637990895808
1304,0.008308363497475855
1305,0.23785762624503975
1306,0.8960434017107196
1307,0.9999957714687848
1308,0.0011769052843666095
1309,0.9980803973237972
1310,0.050774909832449165
1311,0.05288488480981894
1312,0.0004355617068264976
1313,0.9917866822117916
1314,0.9992830637330826
1315,0.9999936978677781
1316,0.9998131259554839
1317,0.14400298976706286
1318,0.9999535504975761
1319,0.999970795129765
1320,0.9958674517426723
1321,0.9781824208094703
1322,1.3530485533246427e-05
1323,0.00014804238835836896
1324,0.41121144151292693
1325,0.002617747301894307
1326,0.21655176770070614
1327,0.9992436030985165
1328,0.0012201277942397038
1329,0.9999619274424033
1330,0.0028909620131022493
1331,0.0016470887267210955
1332,0.9995869674351082
1333,0.7270787073948158
1334,1.3930326375151142e-05
1335,9.574587723615626e-05
1336,3.637612744075495e-05
1337,0.9989192914784495
1338,0.07049974609576982
1339,0.23789927159473345
1340,0.999966504485173
1341,0.9999959665470188
1342,0.9999975436656288
1343,0.9995752517867494
1344,0.9999237027863735
1345,0.9998673069558736
1346,0.2259580699639244
1347,0.9999679359959412
1348,0.00014130115988970318
1349,0.0017267197684502466
1350,0.9998744146297598
1351,0.014338531433513959
1352,0.9999888311163361
1353,0.0021680904632472753
1354,4.102536781298006e-05
1355,0.9974327854808345
1356,7.147803974765242e-05
1357,0.9808391294354255
1358,0.9999580865453075
1359,0.999923760630504
1360,0.01508906866717642
1361,0.0025277080292124385
1362,0.9583682487363019
1363,0.9999037460995671
1364,0.99996749049025
1365,0.25650585939912113
1366,0.0738756722331685
1367,0.9999098772953035
1368,0.0016601283491925953
1369,0.7236323794509906
1370,0.9996533865672605
1371,0.9999737614088751
1372,0.9999381273792053
1373,0.000522754362804639
1374,0.9999919211281068
1375,0.9999843103424938
1376,1.965392330392293e-05
1377,0.9998237377021719
1378,6.85389983733529e-05
1379,0.9999880170320484
1380,0.9989460891409305
1381,0.9906067188584413
1382,0.9999505901314256
1383,0.9998397501703015
1384,0.00030630840514944436
1385,0.0010118654970835937
1386,0.00014599167927981587
1387,0.9881478933951847
1388,0.9999752612682156
1389,0.9998066526389838
1390,5.355115212420165e-06
1391,0.9998271174358649
1392,1.4384459731435187e-05
1393,0.0031628020379522778
1394,0.9970717616055025
1395,0.005476561449503989
1396,0.9999458013143474
1397,0.6734069508778162
1398,0.02231046762066196
1399,0.999887470894238
1400,0.999910277800459
1401,0.9996202432494012
1402,0.9995954400210317
1403,0.9999350633175351
1404,0.051058562749773544
1405,3.801666573979034e-06
1406,0.9997442535458062
1407,0.9994311139939305
1408,0.029806902612618306
1409,7.984617298044002e-05
1410,0.9999653505537688
1411,0.9671066523214249
1412,0.0004195620925778888
1413,0.990129265408922
1414,0.05629964804177395
1415,1.0245288526056567e-05
1416,5.312786260052386e-05
1417,0.9999940720951951
1418,0.000155570332054804
1419,9.694201879326625e-05
1420,0.005113612769416451
1421,0.00013920460646995943
1422,1.1224427383181221e-05
1423,0.4569608545712829
1424,0.923810796470484
1425,0.9981955178482789
1426,0.9985310017285414
1427,0.0019081797618684582
1428,0.00014936640818129094
1429,0.9999948378411594
1430,0.0007872643106320051
1431,0.9999968886517197
1432,0.99999903229334
1433,0.000864508062477164
1434,0.02082227166211083
1435,0.1617670959524138
1436,0.9999560761522883
1437,0.9988449113513072
1438,5.620205870477086e-06
1439,0.024484742794331278
1440,0.0003068891563336469
1441,0.9989316927828271
1442,0.9998806179482345
1443,0.9999811061498521
1444,0.9978660393095877
1445,0.9999136412309243
1446,0.7302888020584493
1447,0.0003257660126648582
1448,0.004450269520475546
1449,0.9927111845829039
1450,0.021176003796016005
1451,0.9902630692099046
1452,0.9995391330036404
1453,0.06925390387817329
1454,0.9992880084357479
1455,0.0001685033211028553
1456,3.0542878566540245e-05
1457,2.995829653953538e-05
1458,0.9531702733917192
1459,2.26278177518788e-05
1460,0.9999869663238906
1461,0.00010439198469346365
1462,0.006648867409372095
1463,0.30902616986577297
1464,0.009660203777138712
1465,0.7405054263675022
1466,0.9238945786179832
1467,0.0926885601965728
1468,0.9988056355965308
1469,0.9999690577394923
1470,0.9975842792095215
1471,0.9997839435653685
1472,0.9995627137095354
1473,0.00010056968838636139
1474,0.3799568904235905
1475,0.009893107446177959
1476,0.9854516147839503
1477,0.22245393588703544
1478,0.0004480764075988321
1479,0.0004519296310477515
1480,0.7783657541907172
1481,0.8283262745115032
1482,0.9999598142428268
1483,0.0001240395237383347
1484,0.9997095962386587
1485,0.012352357053987384
1486,0.0002511616910193757
1487,0.9999664441828646
1488,0.9994198276357533
1489,0.9999726690035382
1490,0.9320725543943756
1491,0.44185103866094066
1492,1.2342822199500628e-05
1493,1.1266914972260799e-05
1494,0.008807030733113208
1495,0.0009204968829035755
1496,0.003426523114076067
1497,0.9948544508611655
1498,0.0003204780119899428
1499,0.015637486720965568
1500,9.63525383828484e-05
1501,0.6785533099749959
1502,0.00023749630051167286
1503,0.014342313437624469
1504,6.656773442055358e-05
1505,0.9997895776526278
1506,1.6907085574383553e-05
1507,0.9968059251036548
1508,0.9545540219119918
1509,0.9998860226061191
1510,0.9815385512693682
1511,8.811737163544725e-06
1512,0.01036917346559474
1513,0.9999810240899418
1514,0.9999449276366569
1515,0.00019974202066037872
1516,7.045218992332153e-06
1517,0.9999291785223403
1518,5.5045580817706904e-05
1519,0.9776501198352026
1520,0.999824728395754
1521,0.9996112758697535
1522,0.28903938010117347
1523,0.9801150290947731
1524,0.8918382897904635
1525,0.9997816472032696
1526,0.9994181369225833
1527,0.9973476296100279
1528,0.9993119980676377
1529,0.9464291939204148
1530,3.9069625109044255e-05
1531,0.00013538894423102633
1532,2.1958064595605285e-05
1533,0.5704641918154628
1534,0.294409837742597
1535,0.9997334820764122
1536,0.0001382259134325757
1537,0.8038283275933988
1538,0.9999085605576061
1539,0.005349425841338455
1540,2.0911883521318088e-05
1541,0.0007902253773459402
1542,0.0003267304908610494
1543,0.00022862068110582958
1544,0.0007489983109179932
1545,0.8233052621878822
1546,0.972648843264616
1547,0.03202779147788057
1548,9.946910361958256e-06
1549,0.9993102423930932
1550,0.9993987929368496
1551,0.9999689786075052
1552,0.03499408798807053
1553,0.012108854787360767
1554,1.3582285968912528e-05
1555,0.9573632007771576
1556,0.9998664219005233
1557,0.9989714628215713
1558,4.5075265282231964e-05
1559,0.00021504257298390127
1560,0.0002590774102048416
1561,0.9990519132989071
1562,0.011873187353479798
1563,0.26123979097569133
1564,0.00013132055949411066
1565,0.8161520009757508
1566,0.9989061511545655
1567,0.00015448476339836216
1568,0.9551915164011218
1569,0.9999092889051512
1570,0.9999802478153214
1571,0.9923453756156524
1572,0.00023811522354414165
1573,0.9999978757950424
1574,0.0007458366780115611
1575,0.00045669245347847094
1576,0.0006532222759974587
1577,0.9998147950053389
1578,0.0009722183418481121
1579,0.04522647003550299
1580,0.0012692775709634023
1581,0.9999980998510315
1582,0.08631951556185692
1583,0.8938223263164685
1584,0.9609825543256185
1585,1.6235098299041944e-05
1586,0.9937759579772281
1587,0.9999945596730754
1588,0.9999909586764709
1589,0.9999610111041168
1590,0.0023213558006764555
1591,0.8168502337438885
1592,0.9998782714415497
1593,0.00017960394132177765
1594,0.027620694936678823
1595,0.0066547794121495215
1596,0.9999926610280074
1597,0.006099531128824417
1598,0.0241292230848796
1599,0.9991128273757132
1600,0.9453522778892197
1601,2.0978122270820762e-05
1602,0.9999641289085661
1603,0.0823459249236985
1604,0.9909003368562759
1605,0.9996485026351726
1606,0.08426906483976707
1607,0.00013036853606982873
1608,0.7820157249185871
1609,0.004269207681240178
1610,0.0001254401651356234
1611,0.9989982276003772
1612,0.00541328938250931
1613,0.9999465581871192
1614,0.9982421822487904
1615,0.00011185979266731511
1616,0.8097444999427342
1617,0.4820784525324382
1618,0.8064387599630888
1619,0.9999741819673794
1620,0.9999931027116101
1621,0.8769764223961769
1622,0.0019534855122159806
1623,0.00023677334733432004
1624,0.0007565108418147553
1625,7.992975021829688e-05
1626,0.9999600134569839
1627,0.9976974318137958
1628,0.9999409079177283
1629,0.9998841296708211
1630,0.9383812010684952
1631,5.203437155805769e-05
1632,7.90375338241752e-06
1633,0.9628828611745202
1634,0.03965787294909272
1635,0.9947147411637264
1636,0.4181042436386647
1637,0.06518740624819198
1638,0.9993675395548495
1639,0.9999962049571204
1640,0.10238232167275696
1641,0.9985538666967683
1642,0.00013192429609285434
1643,0.0001639733696146321
1644,0.983187209086901
1645,0.27658691324557505
1646,0.05895206567638473
1647,1.4437548601351707e-05
1648,0.9998920465416156
1649,0.00047314139443269175
1650,0.9998906719742671
1651,0.3990865619054968
1652,0.06458288329510498
1653,2.1082109983702625e-05
1654,0.9996538390981698
1655,0.8237661894478465
1656,0.9923726922052837
1657,0.007994465592513187
1658,2.2760310567861896e-05
1659,0.008401026067793553
1660,0.14169061440970981
1661,0.999988702880753
1662,1.068436589402416e-05
1663,0.9998929564722285
1664,0.0002413663233252113
1665,0.9994203129137906
1666,0.023482013300031256
1667,0.00020842198111866757
1668,0.004195677134924755
1669,0.9999704540350688
1670,0.7874637411587654
1671,0.0005102046627279822
1672,2.454680344592832e-05
1673,0.9997701375439233
1674,0.00025977602687416113
1675,1.3157210187816772e-05
1676,1.4710062370646325e-05
1677,0.0004463951742409586
1678,0.0015353045911584995
1679,0.8878984250418787
1680,0.999925048560076
1681,0.9194186839994387
1682,0.06083618000671898
1683,1.4249415821653732e-05
1684,0.2724194160065149
1685,0.9684040076743524
1686,0.18049047041706326
1687,0.9999891155616396
1688,9.745648051772129e-05
1689,0.00037540173360407916
1690,0.0001202673465437401
1691,1.0764512922591311e-05
1692,0.061637135631685755
1693,0.985652835201341
1694,7.51561880394956e-05
1695,0.9999910753274175
1696,0.0053203977962716035
1697,0.9991675866914576
1698,0.0011739503759902845
1699,1.4293049127486591e-05
1700,0.9997195799791025
1701,0.17340039544668756
1702,0.9997531949058122
1703,0.9957277900360069
1704,0.999925832509952
1705,0.998250589041453
1706,8.817758099834596e-05
1707,0.00544887270686904
1708,0.9998713266867647
1709,7.393060125500591e-05
1710,0.016148815617607216
1711,1.487560774817249e-05
1712,0.9995634836043739
1713,0.9996885509830792
1714,0.0022889040598165324
1715,0.9966755803771827
1716,0.0016446387548350442
1717,0.28305820291299993
1718,0.7090788785254326
1719,0.9998738814327114
1720,0.2320782567084703
1721,0.9999979440524948
1722,0.9999926760258088
1723,0.15904418798923053
1724,0.3731336025774876
1725,5.7809963075175146e-05
1726,0.0001349068709498603
1727,0.979810622931821
1728,0.46573194596004763
1729,1.2614816077396774e-05
1730,0.028190796169365102
1731,0.9999618427056607
1732,0.9507719828552008
1733,1.1724984780844852e-06
1734,0.9958189830301706
1735,0.9095803216733991
1736,0.9999612809618842
1737,0.014250574373174618
1738,0.9999064957757767
1739,0.12003534586489621
1740,0.9996557710979805
1741,0.9999341945139553
1742,0.999562263542755
1743,0.9999828122705595
1744,7.012971956176533e-06
1745,0.6243227417971671
1746,0.0001590961239005823
1747,3.3922408254229787e-06
1748,4.947986061506229e-05
1749,0.9999545810426334
1750,0.4963340669682759
1751,0.28001766035011905
1752,0.999954049714153
1753,0.8655464349211545
1754,1.2940392913296445e-05
1755,1.8118432150595956e-05
1756,0.039141202259393805
1757,0.9998539354589259
1758,0.9999758699319261
1759,1.1712999899980123e-05
1760,0.9999804046833711
1761,0.9999996582673116
1762,8.423120030927401e-05
1763,0.0014093671803835407
1764,0.011333078730110257
1765,0.999940451511453
1766,1.3408125123788393e-05
1767,0.9998643928021226
1768,2.5140372283175363e-05
1769,0.013318831525909403
1770,0.0026766348326689184
1771,0.993750934979155
1772,4.2274498583747085e-06
1773,0.9999598860232768
1774,0.999843078349212
1775,0.9947758094030015
1776,0.9999098687238668
1777,0.9989952596846792
1778,0.04074597051855654
1779,0.0038103535066706827
1780,0.9999681810620318
1781,0.999946032803398
1782,0.002327245188456304
1783,0.9999980136999144
1784,8.531619566873002e-05
1785,2.1891776674650955e-05
1786,0.9999699212065644
1787,0.0024732096020242443
1788,1.0174164010072905e-05
1789,0.9989429966025457
1790,0.9766564001318839
1791,4.628468631655701e-06
1792,0.9998850833591226
1793,0.9750912997260442
1794,0.0004434346448956014
1795,5.1687942962798206e-05
1796,5.8764679148566974e-06
1797,0.9996428402820596
1798,4.947399194425399e-06
1799,0.9987553183485711
1800,0.9998601962635534
1801,0.9934025430016858
1802,0.0027009118820706286
1803,0.999996373496364
1804,0.9784799288630274
1805,0.0009476171519345942
1806,0.9997940442666484
1807,0.9357891486292377
1808,8.8765995189123e-05
1809,2.0234522171103387e-06
1810,0.09033163791905381
1811,0.9999802625145741
1812,0.38427991496066827
1813,0.5564588208507962
1814,0.9997843149504608
1815,0.9998903135075227
1816,0.008449976801814814
1817,0.9998970391641493
1818,0.9928388305314212
1819,0.999975719460359
1820,0.00012532409100536997
1821,0.09073792614824884
1822,0.0036477819957629262
1823,0.999875493889748
1824,0.010751364008460286
1825,0.9999116057808423
1826,0.9999263532929857
1827,0.9997035953474281
1828,0.9581785482144652
1829,7.42700989725266e-05
1830,0.9998647231006066
1831,0.9999530333676413
1832,0.9999281039508068
1833,0.9999884704505114
1834,0.0026210246421714814
1835,0.9999947416614966
1836,0.9999905857964594
1837,0.0025971296741451764
1838,0.0006209573729204096
1839,0.10500710908126992
1840,0.9997372378711281
1841,0.9999141960468522
1842,0.9964125085294531
1843,0.9988925176891806
1844,0.0022477846050088755
1845,0.0005002209417516895
1846,0.9999183617000812
1847,0.08974853916582533
1848,0.0009193782121981586
1849,0.949517940009412
1850,0.6887094925348796
1851,7.443527508065029e-05
1852,0.00014716829413551557
1853,0.9999797880796749
1854,3.7820005503245524e-05
1855,0.9968220904701978
1856,2.4519042141861808e-05
1857,0.9999593808769944
1858,0.9928762521501523
1859,0.9501979542095513
1860,0.9999828949074595
1861,0.0035680932278545716
1862,0.8072922296961071
1863,0.37874500516115384
1864,0.08464894776199211
1865,0.0001363325795195944
1866,0.0004087967545905021
1867,0.00038717420653401933
1868,0.00012029381748611703
1869,0.9884090177902044
1870,0.01134472379872626
1871,0.9999930551943633
1872,0.07964873613265784
1873,0.002481376006258821
1874,0.994052163882831
1875,0.998919425376254
1876,0.013941898860516283
1877,0.9997930099612041
1878,0.9999423447458765
1879,0.5444612899837145
1880,0.0006438517872113573
1881,0.11351788183497198
1882,0.9996045933049438
1883,0.9709755781484695
1884,1.168305309357761e-05
1885,0.8258384984446433
1886,0.9385852567431234
1887,0.9999966128682612
1888,0.9968937225767891
1889,0.9999918622404169
1890,0.0010442279228524342
1891,0.0012287098447909357
1892,0.0006748510879613822
1893,0.9980244374779812
1894,0.0590491794871446
1895,0.999991949058679
1896,9.077231389932636e-05
1897,0.9986276558578789
1898,0.9999563635004285
1899,0.999961887546329
1900,0.9994170421652663
1901,0.9981924095774514
1902,0.019140017986353806
1903,2.103797914601686e-05
1904,0.9999837122195091
1905,0.9991369480494053
1906,0.9039081211960669
1907,0.0022829767952515186
1908,0.9602453581924273
1909,0.9962577541756389
1910,0.0002985494510058634
1911,0.01715343490648559
1912,0.2991426997181052
1913,0.41392135884059356
1914,0.9992478602972976
1915,5.413388077188867e-05
1916,0.005695578753273998
1917,0.9255111566005721
1918,0.9999174602778809
1919,0.9998961674535514
1920,0.013125103736792426
1921,2.4615666007006998e-05
1922,0.0002467062841469914
1923,0.9999917098701003
1924,0.9533520940125503
1925,0.00033982051626981055
1926,3.8009166055712597e-06
1927,0.9999908703568825
1928,0.0010634239284016116
1929,0.9996188551602806
1930,0.9917289688263975
1931,0.02031414861047798
1932,0.9789782748332879
1933,0.9996901218278987
1934,0.999972578392138
1935,0.9979765893759048
1936,3.871221464737012e-06
1937,0.9998482523118003
1938,0.00010346461438827529
1939,0.00022616196493774207
1940,0.017882884189771346
1941,0.0044623142211436305
1942,0.9902264962244969
1943,0.9999871337558636
1944,0.9994748292578096
1945,0.9999704039234424
1946,0.9985698840988889
1947,0.0741206854226789
1948,0.0015789680914734142
1949,0.00012195393858120003
1950,0.9999811519388108
1951,0.9999773817847575
1952,0.9999924318685507
1953,0.9989721450659619
1954,0.0014073747956002754
1955,0.9982896901908113
1956,0.9782361246214675
1957,6.902708082570392e-06
1958,0.9918551466243803
1959,0.6973652567973601
1960,0.9998234616350105
1961,0.8666871729586154
1962,0.0005323756004092785
1963,5.181600426941324e-05
1964,0.9999727904943287
1965,0.00014986702737947491
1966,0.9999431887810789
1967,0.10323354495005262
1968,0.974811504923505
1969,0.9999867247465216
1970,0.4591188825861746
1971,0.01588050434696868
1972,0.0052463162072476635
1973,0.6442851234243848
1974,1.7361897697561043e-05
1975,0.1677480347777492
1976,0.982968451916506
1977,0.999998464538085
1978,0.0009042733878113842
1979,4.137359900649894e-05
1980,0.019705773876594685
1981,0.9999826138342365
1982,8.521918030536775e-05
1983,0.7140009190366423
1984,0.9999382242693966
1985,0.9995834883079557
1986,0.005138095728064853
1987,0.9998522840093772
1988,0.9998216124950504
1989,0.001469779626877901
1990,0.8484415151882345
1991,0.9755995889448913
1992,0.9999987130685652
1993,0.41317565422363084
1994,0.04674626061170327
1995,0.9541811924474988
1996,5.733231691214361e-05
1997,1.9878640382151768e-05
1998,0.9999184132755372
1999,0.008583584641054348
2000,0.0019522648786690954
2001,0.9999870674656173
2002,0.0007798102846240329
2003,0.35118949844377245
2004,0.9653664243470857
2005,0.18753736631705312
2006,0.00021597277194960185
2007,0.9994940972387744
2008,0.9281430846920392
2009,0.019196908617707356
2010,0.9999480936799076
2011,0.9908195565145194
2012,0.9996308861684086
2013,8.540969100621279e-05
2014,0.18344209153539465
2015,8.835956295456355e-05
2016,4.285631291842467e-05
2017,0.9999972328682587
2018,0.0002346701287609222
2019,0.7793453911601345
2020,0.9990035007523963
2021,1.021081799788634e-05
2022,3.870279718291312e-06
2023,0.6613027854177539
2024,7.372463921617343e-05
2025,3.777971911796573e-05
2026,0.7723499504822035
2027,0.998902882984778
2028,0.9999691114021676
2029,0.9999974913654687
2030,0.1585557737266135
2031,0.9990910884166254
2032,5.23662297576841e-05
2033,0.00041608750924841393
2034,0.00011623143273174344
2035,0.9916401414685502
2036,0.9999727660118608
2037,0.0022898602162083294
2038,0.16584124450232707
2039,0.0001806226649275999
2040,0.23024493813695696
2041,0.998797743013732
2042,0.0003594396997691268
2043,2.8499883314216685e-05
2044,0.9998908617098213
2045,0.9345030215058089
2046,2.1851776384536626e-06
2047,0.9847364524732997
2048,0.9998584844373151
2049,0.001420512919465529
2050,0.67482147826188
2051,0.9949342700031338
2052,0.9997886268875177
2053,0.9713676404361822
2054,3.579828166053811e-05
2055,0.10107207124577916
2056,5.517487751253572e-06
2057,0.9880303358625309
2058,0.9997741432627634
2059,0.007224698833244749
2060,0.006247095543774865
2061,0.004177807553765738
2062,3.981759485298704e-06
2063,5.7176513193812264e-05
2064,1.7513845146342907e-05
2065,0.0022269303722894365
2066,3.080046269843841e-05
2067,0.00011684559101479544
2068,0.9999853019817215
2069,0.9999401005144068
2070,5.593895888459636e-06
2071,0.0002770427328082364
2072,0.0016249733019499239
2073,0.999895096124977
2074,6.116460923085069e-05
2075,0.00026831852197272457
2076,0.9999561520750879
2077,0.9999903445117769
2078,8.622548816220668e-05
2079,0.9990589704734021
2080,1.3575420279244362e-05
2081,0.03209767449194045
2082,0.9999662211911319
2083,0.99969586476539
2084,0.00032741100597377464
2085,0.9994768012614492
2086,3.891314677995213e-05
2087,0.999992054621544
2088,6.837315215845357e-05
2089,0.33733486359735665
2090,0.00023063682141534036
2091,0.9999751029993648
2092,0.8692329690094551
2093,0.9970509133900073
2094,0.9992003183613671
2095,0.9495138711127405
2096,0.0001724292637299719
2097,0.9999914909983211
2098,0.9315136353165157
2099,0.9999816160078157
2100,0.9998920626480026
2101,0.0003665659855884804
2102,0.9999442238079372
2103,0.9999925373598779
2104,0.0007545136808036975
2105,0.9854457199029637
2106,0.25300661982154493
2107,0.18504116067572446
2108,0.999917679719176
2109,0.00011326904977823973
2110,0.9894739524837111
2111,0.9998973201453623
2112,0.9999933314852535
2113,0.00015971347610125214
2114,0.08794348900626808
2115,0.9999256044390945
2116,0.08517679721821325
2117,0.004845899067491258
2118,1.3479328298457461e-05
2119,0.9999944836989693
2120,0.39197142775577487
2121,0.9999497548732801
2122,0.9989541428973134
2123,0.9999388497092571
2124,1.1537799211455177e-05
2125,0.6001859616531802
2126,0.999654226166929
2127,0.00046766239375738356
2128,0.9846084194554818
2129,6.538950024871018e-05
2130,0.007213990292019694
2131,0.006133276085854166
2132,0.9998348568871628
2133,0.041590528534465356
2134,0.9945148765998758
2135,0.9010158513374118
2136,0.1680937872539575
2137,0.0005936443889675835
2138,0.0013804695797730688
2139,5.909361131512503e-05
2140,0.9997631422496992
2141,0.9999938586400923
2142,0.9999824820712657
2143,0.9906044697720975
2144,0.060156593199646585
2145,0.9998046609510296
2146,7.479656543801097e-05
2147,0.9896032662059858
2148,0.00018331267231285202
2149,0.003991317881767192
2150,5.817173244174007e-05
2151,0.1170131481550724
2152,0.8270035996349002
2153,0.0003461577524286988
2154,9.1287887408625e-05
2155,9.143936267808917e-05
2156,0.049796485375751445
2157,0.7907111993572231
2158,3.1523859398600857e-05
2159,1.8747410014695473e-05
2160,0.9998102820159461
2161,0.9998458851702432
2162,0.9999474375995312
2163,0.000301985259079822
2164,0.016611153658975406
2165,0.9960459422071087
2166,0.998521197600062
2167,0.8913494786866488
2168,0.04634128489242616
2169,0.9996036549230933
2170,0.9997757091263497
2171,9.431740149793275e-06
2172,0.01606213540437423
2173,0.9999057263690627
2174,0.7785634438409073
2175,0.8101623875211781
2176,1.0457280701313129e-05
2177,0.012226003556624579
2178,0.21775177857771183
2179,0.999801245443993
2180,0.9999495874334785
2181,0.011169483629418595
2182,0.9975921021270416
2183,0.9702574189798914
2184,2.41581663493975e-06
2185,0.9928384767136005
2186,0.9999909597004186
2187,0.0015365870172824108
2188,0.11254091705646149
2189,0.9998942536510685
2190,3.848281294730811e-06
2191,0.44178904814720904
2192,0.9367797107535409
2193,0.00044600514434261444
2194,9.419008694487101e-05
2195,0.035892017438530335
2196,0.18305503718053728
2197,0.9987379756974282
2198,0.9999075903252749
2199,7.396779441685223e-06
2200,0.9860271923137928
2201,0.999920025342263
2202,0.0031964888001947875
2203,0.00018550000425330036
2204,0.9969055254728941
2205,0.3864003114172316
2206,0.999909201409284
2207,0.9999961252964421
2208,7.541097207111132e-05
2209,0.9967798329196805
2210,0.0004511021410301404
2211,9.487906450307845e-06
2212,0.8276593625023272
2213,0.9991053303230516
2214,0.9935191745159181
2215,0.9999587172627938
2216,0.9267092207685631
2217,0.8132222849092313
2218,0.0019408128741796853
2219,0.991367428807858
2220,0.00013409722044456932
2221,0.999993590476185
2222,0.9999961999391981
2223,0.9999917139533089
2224,4.348269199232609e-05
2225,0.9975080574497948
2226,0.9999991773757512
2227,0.9961823822041642
2228,0.9773870426798833
2229,0.999958562483383
2230,0.014359881696817145
2231,2.3492003499822422e-05
2232,0.00014927464342927145
2233,0.9999544923239522
2234,0.00010416655222176642
2235,0.1933473635784064
2236,0.08478653883927242
2237,0.0016991214865335873
2238,0.07512109500478788
2239,0.9996972426907935
2240,0.18097151164919065
2241,0.0004546769209175604
2242,0.9672671845821444
2243,0.18055935687966906
2244,0.0006823510714124923
2245,4.536113474419767e-06
2246,0.4104692979590171
2247,0.751222618220375
2248,0.9999764490269538
2249,7.642236544704636e-06
2250,0.9999946747818703
2251,0.9999971801683226
2252,0.9984858631060147
2253,0.9999854213373579
2254,2.2823242847039266e-05
2255,3.911863761097954e-05
2256,0.9999402272061412
2257,0.9999373672221593
2258,0.9992856735005938
2259,0.056702385042997135
2260,0.008259925858421164
2261,0.2633622252133682
2262,0.00017922032650864603
2263,0.0006188189939930428
2264,0.9921923156376118
2265,2.7374239553041905e-05
2266,1.770143169880718e-05
2267,0.9999856754726244
2268,0.9999560731485028
2269,0.999979242485314
2270,0.995781607830255
2271,2.4417318327584212e-05
2272,0.9995798735647231
2273,0.999981253053653
2274,0.9223816997406038
2275,0.0752780595868081
2276,0.8918686015095221
2277,0.999953021932354
2278,0.04320711777605937
2279,0.00018374296350361828
2280,0.0002500088417862359
2281,0.9998421879048491
2282,0.0009501114621010865
2283,0.999826670289427
2284,0.980474376721395
2285,0.9141506094485252
2286,0.0004593280140127898
2287,0.9999966839948206
2288,0.0001332808658489563
2289,6.763728720710225e-05
2290,0.9999963093835904
2291,8.45616652213436e-06
2292,0.9989112551005589
2293,0.9997447325103794
2294,9.209626904217685e-05
2295,0.9997649984240397
2296,0.9999724820375728
2297,0.9998237056867328
2298,0.9997418895349938
2299,0.9999900721999265
2300,0.0027933808836627487
2301,2.9307474558025003e-05
2302,0.0009411152785572792
2303,0.9998657885109354
2304,0.9994698465051831
2305,0.008450132380128051
2306,0.9680452748076873
2307,0.9999979445946613
2308,0.9999969204373564
2309,0.9998713421447754
2310,0.7297962150591647
2311,0.0005455982166532074
2312,0.3249193895849393
2313,0.999778779872059
2314,0.25033299677109333
2315,3.647541036809059e-05
2316,0.00975251354178288
2317,0.979176951916511
2318,0.0002498777337850618
2319,0.004074205939624599
2320,0.9981855732701275
2321,0.999940169446511
2322,0.9999502855942611
2323,0.17371919774904493
2324,0.6095643981455748
2325,0.8983236014599506
2326,0.9999605414560134
2327,0.9993654413331662
2328,2.8386062185742198e-05
2329,0.00014886320158512487
2330,0.00032068800222036773
2331,0.999964561927496
2332,0.9987918155366802
2333,2.649736858163443e-05
2334,0.9980719368672418
2335,0.9999154467996314
2336,0.9380947408998708
2337,0.9961607676440066
2338,0.9999973847622471
2339,5.4703225888530565e-05
2340,0.999992126554205
2341,0.9056624466153385
2342,0.0009556729121912783
2343,0.8106955347039395
2344,0.00010395588881982604
2345,0.9838575156916076
2346,0.9769107199555752
2347,0.9996854421769462
2348,0.9998552083688191
2349,0.007077339310379471
2350,0.9999865493992426
2351,0.0004803793708012437
2352,0.9999881416262962
2353,0.9793205511279239
2354,0.9445120499717597
2355,6.731246473575416e-05
2356,0.022016075028459405
2357,0.983484752492186
2358,0.0001396001890603581
2359,0.999819838275888
2360,0.9999750537521093
2361,0.9993882535513089
2362,0.11277846396218308
2363,0.999444485629347
2364,0.9999959252332344
2365,0.9970233590628899
2366,0.00015863991335474825
2367,0.8012375350195879
2368,1.2507313420382005e-05
2369,0.9998453368270146
2370,0.00015493107327607666
2371,0.999841319472848
2372,0.9999968969517183
2373,0.0011795566360312002
2374,0.10666605967009105
2375,0.208878490487437
2376,0.99972329124817
2377,0.9997191152859215
2378,4.2538135346953803e-05
2379,0.006150611619396643
2380,0.0002566279096412709
2381,0.9999715237894694
2382,0.9822835520751709
2383,0.0987802508239624
2384,0.9982407631651701
2385,0.0004419974046196177
2386,0.00014291921478312516
2387,0.9992029505639348
2388,0.9985900886397368
2389,0.5802865824453787
2390,0.8619342267423843
2391,0.08215198484719491
2392,4.143255599239208e-06
2393,0.9439007737799305
2394,4.0148705650367934e-05
2395,0.4952697906708162
2396,0.7337792353895984
2397,0.9995242790141992
2398,0.9999821850228341
2399,0.9997489697549954
2400,0.9999469909328818
2401,0.9723306760613586
2402,0.0009267984465157668
2403,4.6670303382854705e-05
2404,0.07319503002535199
2405,1.7400020627117753e-05
2406,0.9998988812694779
2407,8.187666645083096e-05
2408,0.00012032607477852539
2409,0.4744487499585328
2410,3.483949951121264e-06
2411,0.8156568250304247
2412,0.9999719689647955
2413,0.9999937215962919
2414,0.9109125782022187
2415,0.9976847794970277
2416,0.1371919025222796
2417,0.9999572407947925
2418,8.324810007170865e-05
2419,0.0941177750267541
2420,0.13593736273921778
2421,0.003416227602732847
2422,0.9995603563455283
2423,0.060508503590838446
2424,4.925846412167949e-05
2425,0.00033202271586113585
2426,0.0034641876593466928
2427,0.2599943454673608
2428,1.637333261305912e-05
2429,0.0005006083337852302
2430,0.7603315773251726
2431,0.00017507317595668692
2432,0.00010535725451811314
2433,0.999684911456509
2434,0.19267109447322112
2435,0.9744397772813018
2436,0.00030302799731524784
2437,0.9999906918348984
2438,1.0568894028633996e-05
2439,0.14479442620636868
2440,0.9947349008083912
2441,9.317584639013496e-05
2442,0.9998810305989887
2443,0.9992026410148063
2444,0.9929572905241332
2445,0.9999701945087986
2446,0.00010728139035670642
2447,1.7155298697506837e-05
2448,0.99920993000959
2449,0.0008459402890383257
2450,0.9995361352909863
2451,0.8669167280147585
2452,0.0014651580404696717
2453,0.999991940878037
2454,0.03816139081956458
2455,0.9998835489143323
2456,0.0003714796450440786
2457,0.9999032113841999
2458,0.1422797681331002
2459,0.9755292315382958
2460,0.9999157213491295
2461,0.00014393232300593216
2462,0.6449140110977983
2463,0.02881282933387638
2464,0.9313023516852823
2465,0.9999196813030364
2466,0.003438772254694223
2467,0.9995327012984483
2468,0.0007603017126279107
2469,4.849624547099314e-06
2470,2.645597407857321e-05
2471,0.00613486086728831
2472,0.9999789409823608
2473,0.9998988330557953
2474,0.9999228384284825
2475,0.0036677775467128656
2476,0.9999562618946077
2477,4.943723634792652e-05
2478,0.00010134150107249131
2479,0.994891049997386
2480,0.999970054750528
2481,0.007940627832934206
2482,0.9997999219607977
2483,0.9980583012655789
2484,0.9999248310060588
2485,0.9999975621429417
2486,7.691561902075686e-05
2487,0.010750168256060802
2488,1.1656873067326588e-05
2489,0.520901173919327
2490,0.9999921473650036
2491,0.06203804199400022
2492,0.9996664866798748
2493,6.830012264616198e-06
2494,0.42299125200784243
2495,0.01625399974630287
2496,0.9532825452128759
2497,4.064206615649653e-06
2498,0.11444226475612923
2499,0.9979556635283954
2500,0.04340744202319582
2501,0.9997991929129771
2502,0.9999941977403501
2503,0.988050475665785
2504,2.6550975432751642e-05
2505,0.00011139888961719898
2506,1.4353882069292859e-05
2507,0.9999632573482473
2508,0.5641279784625564
2509,0.012416107844549244
2510,1.568963130199804e-05
2511,0.999992571113395
2512,0.005339177731531606
2513,0.999809698338725
2514,0.9999533686757178
2515,0.999978350576549
2516,3.228549526310873e-05
2517,0.005043460311098946
2518,1.3428722181075708e-05
2519,0.0009141646604146957
2520,0.9998230027245365
2521,0.009650827070807036
2522,0.9999671495196744
2523,0.9895428859652504
2524,0.00020050008042716303
2525,0.9998668068126566
2526,0.9999876513741404
2527,0.9999886691569185
2528,1.5687719804361004e-05
2529,0.9910662867139917
2530,0.01061742356317769
2531,0.003934008192316921
2532,0.9999592881537831
2533,8.200432449439915e-06
2534,0.9999738853656398
2535,0.5378644021080273
2536,0.9994485663999872
2537,0.9723076930883574
2538,0.9925341660261144
2539,0.9998253812466532
2540,0.9933322440813712
2541,0.053053254846733004
2542,0.9999489838199006
2543,0.9999963380676017
2544,0.9996665500909278
2545,0.0002325270563165945
2546,0.999998103677415
2547,2.13978769870684e-06
2548,0.002379123814670973
2549,0.997019143500372
2550,0.09783924930540061
2551,0.9991801084126682
2552,0.9999311122679855
2553,0.9789669397815606
2554,0.9999822049498871
2555,2.6997861549613887e-05
2556,0.9760904337750562
2557,1.1880355015838787e-05
2558,0.0002250681810306949
2559,0.00825271266166336
2560,2.9468119446946894e-05
2561,0.9998649943272887
2562,0.97603115500507
2563,9.145879872065413e-05
2564,0.9999738025946975
2565,0.991863411382717
2566,0.9807901059759604
2567,0.7531224835471769
2568,0.9999971619479288
2569,0.9999932833413988
2570,0.9999826641420977
2571,0.9873363442699307
2572,0.001442261270396036
2573,0.6061501188212184
2574,5.102350121731332e-05
2575,0.4211535925248166
2576,0.9999943704123788
2577,3.0493775410745877e-06
2578,8.550280504785703e-05
2579,0.9999795617980497
2580,0.9998993553977881
2581,0.999921289852558
2582,0.9999900690058808
2583,0.06687410116736306
2584,4.392152435809944e-05
2585,0.9951438758585769
2586,0.0007930776584916336
2587,1.4290898322167001e-05
2588,6.625024459678349e-06
2589,0.029513380742890682
2590,0.9999516964057491
2591,1.3825728271476444e-05
2592,0.9999546858946644
2593,0.00037440465479154293
2594,0.003977664066039014
2595,0.2593867197674291
2596,0.021280853144235685
2597,0.08045734963298139
2598,0.9988254956026822
2599,0.9999981121744491
2600,0.6115284781321353
2601,0.9997784164970712
2602,0.9998687586742669
2603,0.002600632092354975
2604,0.9860087712347518
2605,0.9997846024065312
2606,0.8100699130836516
2607,9.287214253630001e-05
2608,0.2940437804816582
2609,0.005091627771379056
2610,0.99913360897997
2611,0.009074527595849553
2612,0.00019194135149128093
2613,0.9982983071695432
2614,0.00058561778643108
2615,0.9999963268055737
2616,0.9994961456626799
2617,0.9999968554659484
2618,0.027633660642918285
2619,0.0003507466168998678
2620,0.00013844014543327248
2621,7.834198821841725e-06
2622,0.10652259165725819
2623,0.00028562644925369504
2624,0.09528373544426842
2625,0.9994038459915722
2626,0.9912049855708616
2627,0.9999587993721759
2628,4.155735652065576e-05
2629,0.999834662573065
2630,0.9999035526303415
2631,0.9876124049262907
2632,1.383622907283405e-05
2633,0.9999348702627419
2634,0.00012067672150518972
2635,0.0011082838437358803
2636,2.748540877959529e-05
2637,0.0003492317152353494
2638,0.9991171359935241
2639,0.9964430267967418
2640,0.0025594568165445246
2641,0.9963466941411174
2642,0.9996838893725173
2643,0.9201291441435235
2644,0.005083123346464667
2645,0.9999518881939463
2646,0.0008486129002252369
2647,0.9687976191406926
2648,0.0005898649514355663
2649,0.9999874740069756
2650,3.848826654509147e-06
2651,0.9997680248955995
2652,0.9998728053334877
2653,0.9999784518808996
2654,0.9999785934977827
2655,0.022739264930374245
2656,2.7214172902383855e-05
2657,0.2587257673501987
2658,2.7156861956433816e-05
2659,0.999912304275996
2660,0.9996556242579479
2661,0.9999217744983091
2662,0.36554047230761466
2663,4.732039717779886e-06
2664,1.8107941058136728e-06
2665,0.20228270718630403
2666,1.874531023503837e-05
2667,0.18949266181736932
2668,0.9999870363029923
2669,0.9958923182725167
2670,0.9976333806112488
2671,0.03165415250289164
2672,0.0011177650618530099
2673,0.9999948507620857
2674,0.0005877287409589847
2675,0.793720107802624
2676,0.9910179596401474
2677,2.5048863466122592e-05
2678,0.9962345436822695
2679,0.0040819167697338475
2680,0.999994307780886
2681,0.3131652187989192
2682,0.41540424750786803
2683,0.9999954907585716
2684,0.03845565570686407
2685,0.0005867135546696933
2686,0.9999699080221215
2687,0.9909206414699734
2688,0.8529402560909214
2689,0.00023424500932782796
2690,0.0009393758500071669
2691,0.9977140201732974
2692,0.9973257176294655
2693,0.9996391677344848
2694,3.6018112207352676e-05
2695,0.9999469453444494
2696,0.10669730220244251
2697,0.20959699547848581
2698,1.1336070872741654e-05
2699,0.9754360368757625
2700,0.9999489073707948
2701,0.9998234888907475
2702,0.010461423645330589
2703,0.003174553291276707
2704,5.3605044072385606e-05
2705,0.001280675188919776
2706,0.09415023902974942
2707,7.485723293888303e-05
2708,0.9994003502798112
2709,0.9999937145003419
2710,0.6805789090016025
2711,0.9998465208111855
2712,0.9999186090537323
2713,0.04597677699352959
2714,4.538757315377036e-05
2715,0.0019047664132728398
2716,2.2614278339549513e-05
2717,0.9999974260652922
2718,0.037161362358197704
2719,0.9999632806989107
2720,0.9997452391078425
2721,0.9999045044334517
2722,5.19057454457637e-05
2723,0.9999229874342319
2724,0.00014991243574637327
2725,0.866120549550513
2726,4.1095883395527646e-05
2727,0.9998758169782553
2728,0.0004452506670622757
2729,0.000209581216214831
2730,0.9995324634358892
2731,0.9938541048831712
2732,0.9991920872796634
2733,0.9966149454122459
2734,0.9998873327695019
2735,8.306046542560595e-05
2736,7.869014528193097e-05
2737,0.9965288769703071
2738,0.9998876598058111
2739,0.0010953367393574016
2740,0.0002444551571872814
2741,0.9999676731059277
2742,0.9186871274168396
2743,0.683542911431455
2744,0.7688977286932122
2745,0.25834571217526586
2746,0.002237272501759406
2747,9.607799568328108e-06
2748,0.0009529609794220238
2749,0.9883514022253298
2750,0.9983960786206041
2751,0.14157281204452624
2752,0.0008237094712827479
2753,0.4782935924176063
2754,0.8726103683561931
2755,4.0537288686643575e-05
2756,0.9999400128339583
2757,0.00014308863690931024
2758,1.6765816940513385e-05
2759,0.9999788572130495
2760,0.9368473591309429
2761,0.9978442969800726
2762,0.9989706567549085
2763,0.9999698582214452
2764,0.0013319777109242637
2765,0.0012849530772273989
2766,0.0015661325797749583
2767,1.954979183511307e-06
2768,0.0009593765820743038
2769,0.9991301305060443
2770,0.999740560098613
2771,0.9972702621433509
2772,0.565291130790962
2773,1.5829327488525817e-05
2774,0.93542164708648
2775,0.9993364109540167
2776,1.7761276637637776e-05
2777,0.9282545097531782
2778,0.9645025120781276
2779,0.00045168102289320047
2780,0.9986478540787105
2781,0.007815871771153149
2782,0.9618962383929647
2783,2.1515545628107213e-05
2784,0.006775243062409668
2785,0.9733384368646527
2786,0.0003998863012363698
2787,0.0006866437049649352
2788,0.16982547176667107
2789,6.3299451645342e-05
2790,5.09483101721885e-06
2791,0.1845133407076461
2792,0.9962431068532807
2793,0.055559845559111275
2794,9.359663077014501e-05
2795,0.8247992748451027
2796,0.8257239531363253
2797,0.9999951767516118
2798,0.9999773150008887
2799,0.0007835803725277581
2800,0.5480272995375326
2801,0.37421683099837977
2802,0.001626699133967139
2803,0.0004076221761662512
2804,0.9926919894813263
2805,0.999984038773878
2806,3.5344171628671324e-06
2807,0.9973319649445694
2808,0.9994833800505288
2809,0.25810650008185954
2810,0.999865167941106
2811,0.0013813728787801368
2812,0.7269184486638027
2813,0.0014231355978392703
2814,0.9677857711793035
2815,0.9999721913697761
2816,0.5843466517840998
2817,0.8085989521593768
2818,0.5593309756925127
2819,0.9856726152006211
2820,0.0013296841819514227
2821,0.0007471023786075984
2822,0.9999261585995755
2823,0.0734041605115185
2824,0.9998250165889608
2825,0.9773050092648167
2826,1.5460092058564244e-05
2827,0.0436940393457091
2828,0.9990860656986967
2829,1.6680018341931404e-05
2830,0.9999687945198676
2831,4.74760816884159e-05
2832,0.004954271336801408
2833,0.8859665450176432
2834,1.7198582520491455e-05
2835,0.08670579456128993
2836,0.9997999716146185
2837,0.0044508657324337005
2838,0.9820226417845613
2839,1.6852708673869903e-05
2840,0.000490057399368987
2841,0.9991851935370236
2842,0.000557648684601095
2843,1.611192587403445e-05
2844,0.9999621455257504
2845,0.6780637930331265
2846,0.9991897963987598
2847,2.2695264448353415e-05
2848,0.10118475062749954
2849,0.015619083164348008
2850,0.5335134740779504
2851,2.107483477906194e-05
2852,0.0030727902505686133
2853,0.9999654766858175
2854,0.9998021230751171
2855,0.2611350610310541
2856,4.54985757758263e-06
2857,7.159977569273026e-06
2858,0.19670211077411728
2859,0.9715992565909671
2860,0.41750404515530026
2861,0.5983269073830979
2862,0.9999625249634161
2863,0.0001560634050177167
2864,0.9998905658353018
2865,0.9999878863903529
2866,0.599862975904412
2867,0.9999754987282105
2868,0.004963451558707733
2869,0.9994590807703762
2870,0.9999704707824573
2871,0.9999855324490368
2872,0.0002119831895750353
2873,0.9999990779423926
2874,3.71614915632727e-05
2875,0.9951595501537583
2876,0.9999719995626145
2877,0.9982525842035849
2878,9.789508554214383e-05
2879,0.040219705787258114
2880,0.6209125822083327
2881,9.511042079383703e-06
2882,8.239802081372244e-05
2883,0.9664734995325972
2884,0.0003157809687280002
2885,0.008406188597941957
2886,0.9983861155123052
2887,0.9999308537278937
2888,0.002885279170337927
2889,0.9999983479426621
2890,0.9995873535569688
2891,0.6749245388388568
2892,0.9999851413497218
2893,1.1390135953774332e-05
2894,0.9999939922852119
2895,0.0373985836783295
2896,0.9671325755545896
2897,0.9999976758918807
2898,4.65345065086953e-05
2899,0.9998313010775531
2900,0.9918377602716101
2901,0.9577574656011927
2902,0.9971645634142584
2903,0.0001099221718274626
2904,0.9865560221913207
2905,0.0022937287464551595
2906,0.11842620491275099
2907,0.9993403317881898
2908,0.007187236309658566
2909,1.6875188258995214e-06
2910,0.9933244953249772
2911,0.00035891674985034244
2912,0.00029672361329134255
2913,0.0028281455505762654
2914,0.9965352652478093
2915,0.009408461121340842
2916,0.31960917306739467
2917,0.9999529526156633
2918,0.9999926574955725
2919,0.999984543018164
2920,0.9999990479392762
2921,0.9999991759597222
2922,0.999987417261593
2923,6.7420508576804336e-06
2924,0.9999388276830051
2925,0.9971360336876994
2926,0.9999350693999477
2927,0.030890335936620866
2928,0.9993012229643518
2929,0.9998840243701751
2930,0.9998761583776357
2931,0.9999618737145005
2932,0.9999407649844707
2933,0.9998978630798394
2934,0.6559362585756691
2935,0.15731889710867156
2936,1.5369724124545277e-05
2937,0.9999833620959343
2938,0.0008377875118347021
2939,0.9991429026229905
2940,0.9998164381411185
2941,0.9999325616073027
2942,0.14898562450156805
2943,0.6241894352111174
2944,1.4656070977207782e-05
2945,0.0030952987852097555
2946,0.9418616126021879
2947,0.9992047622478206
2948,0.9999804027237382
2949,0.0008556074492379741
2950,0.9999941444651963
2951,0.9998757096156237
2952,0.000236930720024156
2953,0.9995905079450254
2954,0.7614099482074993
2955,0.999937602538795
2956,0.8476382801771364
2957,0.0004098417545516107
2958,0.9999177013321005
2959,0.9999910968705312
2960,0.9784647170565226
2961,5.016917426600446e-05
2962,7.814660193576334e-05
2963,0.9642210031503321
2964,0.9999971513786463
2965,5.706198785504905e-05
2966,1.2599828137136068e-05
2967,0.9996711216686256
2968,0.9905269782641545
2969,0.9651504525500919
2970,0.9999915714230648
2971,0.9999502472579309
2972,0.8263838817166533
2973,0.798105215376404
2974,0.9999245476723636
2975,0.9999532675326962
2976,0.9999884370070198
2977,0.948616095322489
2978,0.9999909988522555
2979,0.9999831900897739
2980,5.223712702342438e-06
2981,2.429413894984182e-05
2982,0.00019247021182275796
2983,0.002826928569575169
2984,0.9993636235703851
2985,0.6223767315814605
2986,0.0528615972187696
2987,0.9998805305264161
2988,0.003875658596651761
2989,1.973196520373798e-05
2990,9.677046449085554e-05
2991,0.9998960621832141
2992,1.4958876629522784e-05
2993,0.24325609443960808
2994,6.19344771143091e-05
2995,0.9993264332839904
2996,0.3350380395536969
2997,0.9988497229518505
2998,9.363970279198292e-05
2999,0.038468809206996114
3000,2.406229546262869e-05
3001,8.100652645848579e-06
3002,0.7834819314834065
3003,0.9972232611788427
3004,0.9976826282440002
3005,0.9999957669542316
3006,0.9999989945477685
3007,1.95716709938133e-05
3008,0.9999887090681979
3009,0.8356395031205734
3010,0.9720121445188746
3011,0.0009636245149077264
3012,5.993052119870505e-05
3013,0.013025678137622204
3014,0.954734028633402
3015,2.643486374968701e-06
3016,6.00166805970558e-06
3017,7.544412701367744e-05
3018,0.9998682181903604
3019,0.9999801224461169
3020,0.998851857593166
3021,0.9996974338673994
3022,0.049942952585729394
3023,0.04200355311310506
3024,3.81020568476228e-05
3025,2.110778485529707e-05
3026,7.637535623071669e-05
3027,0.99991975399398
3028,0.9999367753619366
3029,0.27911061245668356
3030,2.582235548670077e-06
3031,0.9998686247253329
3032,0.9961680990050776
3033,0.99999635751418
3034,0.38015705590409865
3035,0.0005249689729221414
3036,1.4132167836622389e-05
3037,0.9999959606264758
3038,0.00020752389379668015
3039,0.9999422039068951
3040,3.6774874724720564e-05
3041,3.2907914697288708e-06
3042,0.9999154362905027
3043,0.9999801412311373
3044,0.9999397158648512
3045,0.0010384038391894623
3046,0.999265440000899
3047,0.3384956031280724
3048,0.9999707087842228
3049,0.9760434022634228
3050,0.9999678701767857
3051,0.9698207542692779
3052,3.4097540663810864e-05
3053,0.944067517242741
3054,0.000498258114840474
3055,1.8615082187944676e-05
3056,0.997245617184029
3057,0.9999877442371327
3058,0.9999953806461421
3059,2.158796514873106e-06
3060,0.6440515129270721
3061,2.4324530291726823e-05
3062,0.9999346967844223
3063,0.9998825424626137
3064,0.9936322796999407
3065,1.7288885634656866e-05
3066,0.9999171293496523
3067,0.00015146805043616458
3068,0.9999661036291005
3069,0.6965944894208203
3070,0.9999901818207311
3071,0.9970950068524015
3072,3.325194948266414e-05
3073,0.9999967099877656
3074,0.0024541062737457433
3075,0.5633105422535325
3076,0.0009498373778768906
3077,0.932357104798459
3078,7.080709154733868e-05
3079,0.00026266926239991044
3080,0.9999769142779579
3081,0.9999706503005076
3082,3.6435104678897203e-06
3083,0.0012965434814437094
3084,0.05131344364675525
3085,0.6299309892505135
3086,0.999997948184524
3087,0.9992890770007677
3088,0.9925204705576904
3089,0.9938368710240597
3090,0.9241960336133257
3091,0.002927430158067579
3092,0.9999904339941893
3093,0.00017635206709173734
3094,0.9998153929816238
3095,0.017470227035484433
3096,2.5810324599759237e-05
3097,0.9867416645619455
3098,0.9999556788798721
3099,0.9821117952754439
3100,0.999983007859695
3101,5.524300361883977e-05
3102,0.9060216350898164
3103,0.006299452558268172
3104,0.09001201662047366
3105,0.9996961822740295
3106,0.00015787468940090484
3107,0.024987622007137895
3108,2.3905542370521978e-05
3109,0.00334803993091422
3110,1.9906604334652215e-05
3111,0.0001255674241072206
3112,0.9947319582753948
3113,0.9723586839463163
3114,0.9944711519220941
3115,0.9999970993306799
3116,0.8301723640535202
3117,0.8339784490451262
3118,0.9897788874996054
3119,0.0007259474121043921
3120,0.002085566785688596
3121,0.05941922890435187
3122,0.005249155556160982
3123,0.9766873525738987
3124,0.025172971239768898
3125,0.9388915835824881
3126,0.9999672940280525
3127,0.9993631174477309
3128,0.9572876807341619
3129,0.9997588945318568
3130,0.9999710772970362
3131,0.9919806888403597
3132,0.9999982077442823
3133,2.496304137141586e-05
3134,4.669069289479648e-06
3135,0.7100409907516542
3136,4.2431071339661006e-05
3137,0.1144311911070425
3138,0.9999740449364208
3139,0.9999547521722204
3140,0.9999597270769722
3141,0.0012170108839610792
3142,0.8529841357058549
3143,0.008934572238682973
3144,0.14336942267469976
3145,0.9999993146138427
3146,0.9999914719363752
3147,0.999124835389758
3148,0.9999874198479847
3149,0.614274508936368
3150,7.899706214654825e-06
3151,0.9101094266881
3152,0.9999810064303514
3153,0.9993970727595836
3154,0.9657655816708646
3155,0.0044502993977249584
3156,0.9999523418227924
3157,0.9999992188454117
3158,0.9947851558408578
3159,0.9997777270299475
3160,0.00014897201961740398
3161,0.9999812620740016
3162,0.00022786927212276192
3163,0.001030277324939334
3164,0.9999632405441894
3165,9.78655818621004e-06
3166,0.00011301653612729871
3167,0.9997089032961718
3168,0.9998894040505599
3169,0.9994322778994201
3170,0.7531586728163504
3171,0.9999793512401944
3172,0.0001625838465101243
3173,0.9999811588851901
3174,0.9994861286489392
3175,1.4456631461198265e-05
3176,0.999965904371012
3177,0.004985618579439181
3178,0.9995725765092345
3179,0.002977824382201655
3180,0.9998107048856655
3181,0.00011911355746684764
3182,0.9888808150508483
3183,0.9685350507857542
3184,0.9998473885921879
3185,0.9999931976171197
3186,0.9999601527300291
3187,4.672265558061814e-05
3188,0.9998362640432098
3189,0.999812035646767
3190,0.00019200342678104038
3191,2.4030414277199566e-05
3192,0.0011188103606958421
3193,2.0949049394346068e-05
3194,3.621192918597029e-05
3195,0.999870824457888
3196,0.9368195628491303
3197,0.0011287585259176726
3198,3.5003975765016804e-05
3199,0.0014498105353159528
3200,0.9982960130385
3201,0.9999913436833276
3202,0.9999971996305451
3203,0.8698551718612338
3204,0.0016568316711179885
3205,0.00017412378961155272
3206,0.999858844582941
3207,0.9999980057653192
3208,0.9995786118777271
3209,0.0058250953279837606
3210,0.6917479886865944
3211,0.9931021608836568
3212,0.03704801093117328
3213,0.0009252575916405812
3214,0.9999129180973634
3215,0.9997173470661067
3216,0.999990858389513
3217,0.9443316553960758
3218,0.972219664974795
3219,0.0009026134712863417
3220,6.77728622320232e-05
3221,8.301776319899559e-05
3222,0.9997755252845785
3223,0.9962288655718295
3224,0.9627308491225054
3225,0.9994916701716936
3226,0.9999962244563971
3227,0.4182751668517344
3228,2.6134048226397887e-06
3229,0.9931658549028698
3230,0.9999284144339828
3231,0.9920994337396091
3232,0.9995551168553192
3233,4.24015099584813e-06
3234,0.9998428221648732
3235,0.522410279860862
3236,0.06266459821961784
3237,0.30263588358330396
3238,0.0035914590147318164
3239,0.9999976027149828
3240,0.996128087804256
3241,0.9978502011608836
3242,1.3311736659140028e-05
3243,0.9929755162146038
3244,0.9999884403421396
3245,0.9999564921246603
3246,0.0002911828668677037
3247,0.4215309750732481
3248,0.007697992760730199
3249,0.674391260134934
3250,0.0018117631259031734
3251,0.0011125279413020746
3252,0.9984980281188482
3253,8.144128399632229e-06
3254,0.0001954659470972808
3255,0.00041095026650239577
3256,0.00016346097889027866
3257,0.9994622893858158
3258,0.9999843006240042
3259,0.9990706003545602
3260,0.19437962633092404
3261,0.9999711583448276
3262,0.6112567193289332
3263,0.9999292998465148
3264,0.9999657867474439
3265,0.7658030847874968
3266,0.7263863640410105
3267,0.07894987550367022
3268,3.786371788865631e-05
3269,1.4089498658562122e-05
3270,0.0025667097090938994
3271,0.999965119706893
3272,7.46893875183388e-05
3273,0.9998045273558401
3274,0.997724031737909
3275,0.9995155323377296
3276,0.10156949037605817
3277,5.643697386813759e-06
3278,0.8963703073730686
3279,0.9999618660533136
3280,2.1104103622859503e-05
3281,0.005793234803001044
3282,0.00016214986399492267
3283,0.9999824755020656
3284,0.9999483017401268
3285,0.0013522237980336657
3286,0.9425379397423569
3287,0.9341317265347353
3288,0.9999318420288168
3289,0.2667156011272158
3290,9.728841015263074e-06
3291,4.764786194160857e-05
3292,0.9999197944939718
3293,4.429054296432433e-05
3294,0.08090354370634202
3295,0.9999644820350173
3296,0.9997463203583264
3297,0.6326853616085674
3298,2.069817505787069e-05
3299,0.012450154868605868
3300,0.0007857044420019905
3301,1.8939685829602202e-05
3302,5.342542552743409e-05
3303,0.9999742606400556
3304,0.999465092255481
3305,9.572014828663643e-05
3306,0.0010635927338118252
3307,0.0019141420591864064
3308,0.9993658741836414
3309,0.9998198189046901
3310,0.9999845252036433
3311,0.0002598070486354762
3312,0.8551057533404766
3313,0.5005722498429164
3314,0.9804559579814515
3315,0.16176472089165253
3316,4.978798704812338e-05
3317,0.0001511088797269612
3318,0.9999707771656944
3319,0.9950642739788443
3320,0.0008674711353072152
3321,0.9999947505884154
3322,4.685386369370866e-05
3323,0.9999785019361247
3324,0.0002265486379672361
3325,0.9959212363517724
3326,0.587010462614351
3327,0.9999733577436339
3328,4.4372593486674865e-05
3329,0.00018077909874702098
3330,0.00016757094734114747
3331,0.996679596189047
3332,0.002835187497450224
3333,2.6726273315698844e-05
3334,0.000273681342105418
3335,0.9998295537686858
3336,0.6648066181219716
3337,2.1120187804934613e-05
3338,0.3932393204883013
3339,0.999993257567503
3340,0.9969716723197388
3341,0.9892095834112539
3342,3.51177725115638e-05
3343,8.197303577302962e-05
3344,0.00017536187323665523
3345,1.3240668328579357e-05
3346,0.0010900568437502089
3347,0.9817645337543001
3348,0.9991053029008286
3349,0.9999908812004288
3350,3.3849823257973167e-06
3351,0.8527928855245773
3352,0.0028682863592356194
3353,0.9999187763985008
3354,0.9999219163553809
3355,0.9984229493812852
3356,0.0011916304041764876
3357,0.43155189525669735
3358,0.32746373939855894
3359,0.9997348062559094
3360,0.9987768268126587
3361,0.0019026262821787135
3362,0.007881541128297332
3363,7.153267386780697e-06
3364,0.9999869211268653
3365,0.6409780111430762
3366,0.9999986424375722
3367,0.9976685762729927
3368,0.9553429631406573
3369,0.12790518354143737
3370,0.9937928854255931
3371,0.9997937061924496
3372,0.9978937617711159
3373,0.00019301967035954414
3374,0.9999147366502756
3375,0.793060689323059
3376,0.16227239079663489
3377,0.0001716589385901942
3378,0.00017398392707878053
3379,0.9998818257872018
3380,0.9959173552284196
3381,0.995628209704817
3382,0.17972993416855856
3383,0.9999883935850475
3384,0.9999694088380799
3385,0.999969638794708
3386,0.9999820913075632
3387,0.005132304134347834
3388,0.0011270890929549174
3389,0.9999771389011712
3390,0.9705310611031458
3391,0.9999930218265858
3392,0.9999987755841055
3393,0.00022810039108247556
3394,2.2143484985995416e-05
3395,0.0008055072386244787
3396,0.9999028749861602
3397,0.9756777322664546
3398,0.999918545253552
3399,0.0037064336988536736
3400,0.9996948630129938
3401,0.9985788245597451
3402,0.0023582887630188105
3403,0.9810972398728555
3404,0.0074281220623720196
3405,2.1219740324079704e-05
3406,0.003170405805699256
3407,0.9999858682372322
3408,0.9987232466867006
3409,3.08411756932383e-05
3410,0.02169836373971292
3411,0.005587245921323962
3412,0.6571265286180682
3413,0.9998405761521675
3414,0.7986514141749991
3415,0.9998262783702024
3416,0.00035307345159105527
3417,2.103886129869496e-06
3418,0.9999682545683816
3419,0.9997559129377709
3420,2.7982949487673222e-05
3421,0.9995281286275641
3422,0.0034752139835394114
3423,0.9879249779488982
3424,0.00012785827669446103
3425,0.9999952451114646
3426,0.0012169026865743518
3427,0.9999319667892683
3428,0.9996224171875137
3429,0.028734092973636664
3430,0.9999562141980157
3431,4.95378752053359e-06
3432,1.856110327545559e-05
3433,0.04728447658360302
3434,0.9988970811065175
3435,7.36405517675977e-05
3436,0.006843445848242949
3437,0.20400281273509718
3438,0.999993633538672
3439,6.261226413270332e-05
3440,0.9999741029732488
3441,0.9999635622232541
3442,0.999943218197317
3443,0.9999974847163573
3444,3.0092029947049217e-05
3445,0.9999872782594359
3446,0.9999959762604013
3447,0.014580815928087888
3448,0.00667161916298767
3449,0.6519613011430292
3450,0.9999861284517924
3451,0.999956312000112
3452,0.30536688933567174
3453,0.9999014951218045
3454,2.4605468965916816e-06
3455,0.9997548773921634
3456,0.999770815382078
3457,0.0002605064392313753
3458,0.2774864517850359
3459,0.9998796389924345
3460,0.9999879185140975
3461,0.9999834387074978
3462,0.4368045080179656
3463,3.87286994544411e-06
3464,0.9985386154215242
3465,0.9999463422137083
3466,1.9545446522661504e-05
3467,0.20553661226943234
3468,0.9998496689667441
3469,0.999645519115284
3470,0.9998013862211808
3471,0.3379378334606419
3472,0.4091388151248545
3473,1.6677183059692052e-05
3474,3.5916536734909135e-05
3475,0.00403645682588782
3476,0.9976759791745428
3477,0.03131374222485862
3478,0.5321668240585434
3479,0.804038148468007
3480,0.9691269315629312
3481,0.9999446333964653
3482,0.8413862337771495
3483,0.06042235349597907
3484,0.9996089959722735
3485,5.522003483030411e-05
3486,0.16801463058174318
3487,0.9988016786064666
3488,0.9999758003527184
3489,4.549779806027206e-06
3490,9.407381380159968e-05
3491,0.005127195064248637
3492,0.20595598657906028
3493,3.523670087228591e-05
3494,0.99989063424039
3495,0.9995553260981263
3496,0.9997455114688459
3497,0.9999362388381446
3498,0.6879029746547938
3499,0.2575160500969847
3500,0.999926616761632
3501,0.999997405026108
3502,2.843266947810155e-05
3503,6.985743181069494e-05
3504,0.9997631449472758
3505,0.9678707419191633
3506,1.983810767496338e-05
3507,0.9915368951486
3508,0.9999899935468521
3509,0.9988481117333236
3510,0.9942346382383882
3511,0.000780834270911367
3512,0.9999683563882211
3513,0.9995050585181315
3514,0.9999926484376587
3515,2.7021156011590077e-06
3516,9.90703089092898e-06
3517,0.9999399052155928
3518,0.9998981979590131
3519,8.30787036803998e-06
3520,3.0899292294853594e-05
3521,0.8959767086215245
3522,0.8220564741182217
3523,0.9999773597704259
3524,0.029545662655470734
3525,0.999935825792688
3526,0.9999887132130165
3527,0.9999677399384951
3528,0.9997979609467949
3529,0.9998466055810322
3530,0.000434748759993993
3531,0.9999987964672884
3532,0.0001307092459997848
3533,0.9691022235558817
3534,0.9998826133443911
3535,0.0021223610401164147
3536,0.00013342400221896607
3537,0.9999977316181642
3538,0.9999939649521463
3539,0.9993661455277937
3540,0.9871591563192076
3541,0.9819884869286145
3542,0.9487624605259697
3543,0.1333998052585831
3544,0.9956267352693648
3545,0.00022033966831459714
3546,0.00041345344836922287
3547,0.9894602870852629
3548,0.9997376162933932
3549,0.00015986418543638935
3550,0.006080053201809196
3551,0.9928822967428959
3552,0.9985818504408956
3553,1.8437803794855917e-05
3554,0.9998533681376561
3555,0.7765777945860975
3556,0.999922214601401
3557,0.0007019229731667728
3558,0.04458632173131263
3559,0.8764849301284788
3560,1.0715395029941987e-05
3561,0.9519930188044143
3562,0.00021903663317174584
3563,0.9999925524102031
3564,0.18858926506722773
3565,0.0035762119172748344
3566,0.9926022791361451
3567,0.9755472597939224
3568,0.9999960393295311
3569,0.06582496648125916
3570,0.001522950083395195
3571,0.455724846012753
3572,0.9978833646125702
3573,0.0013212018332789588
3574,0.002121324278427986
3575,0.21774082663252245
3576,8.339908277405553e-05
3577,0.86953885788509
3578,0.9999679346328881
3579,0.9999405135079165
3580,0.00036622639337380265
3581,0.8310679675457885
3582,0.9996695501893462
3583,0.9926229985538731
3584,0.841182899229139
3585,0.9999911425633597
3586,4.394873192665047e-05
3587,5.2862827808771146e-05
3588,0.00022842121852775581
3589,7.520040025494166e-05
3590,0.9964583474940654
3591,5.8084978946103286e-05
3592,8.6877143912854e-05
3593,0.9997806181971404
3594,0.9999196631823825
3595,0.0010933137958364712
3596,0.9999969575477052
3597,0.9998708381900235
3598,0.9999913796163336
3599,0.0002342734166741043
3600,0.000241829544852215
3601,0.81869942130747
3602,0.9763989766500313
3603,3.5025389394254394e-05
3604,0.9784033054820087
3605,0.004461141050817228
3606,0.9999899097786219
3607,0.9996694243944152
3608,0.0005782129868460317
3609,0.9976404539448619
3610,0.9910685397040429
3611,0.00014574636089028728
3612,0.00022768469475129143
3613,0.00017455195958701695
3614,0.004727628448370457
3615,0.026244971339070385
3616,0.9988013979085218
3617,0.0004659821825688534
3618,0.9998869163160108
3619,0.163833888327732
3620,0.00014844805171646168
3621,0.04196145822458423
3622,0.9732574104019941
3623,0.056340494970855366
3624,0.9988902737220633
3625,0.9999832217515603
3626,0.9844607814011609
3627,0.9732543346825746
3628,0.9992522301210113
3629,0.00014327266471825598
3630,1.537987092297814e-05
3631,0.9934433432165141
3632,0.9727071608705441
3633,0.9999984216095437
3634,6.537615257664929e-06
3635,0.1102691599296772
3636,0.036707154013279154
3637,0.027542897067698715
3638,0.003215540905660119
3639,1.1661630951567432e-05
3640,0.9880667728737761
3641,0.00042821325501188524
3642,0.9995194038175343
3643,0.06689635425712424
3644,0.9997663889105186
3645,0.8913161544405649
3646,0.22371012647075314
3647,0.12497494377024922
3648,0.9999966918003732
3649,0.9999715173944372
3650,0.9999785749234842
3651,0.9999938231350005
3652,0.32430364886625296
3653,0.9997321171118342
3654,0.0016905915864551685
3655,0.000166233836970395
3656,0.9923887282306983
3657,0.9997061474802678
3658,2.6455554850399092e-05
3659,1.864188355057793e-05
3660,0.9999653419802159
3661,0.00020634150334779402
3662,0.9998927349708092
3663,0.9943109840258472
3664,3.0965510022197373e-05
3665,0.9999089678088843
3666,0.0003720522790038575
3667,0.015252648511436885
3668,0.035472102985912135
3669,0.9997687253279348
3670,9.966547308808063e-05
3671,0.7765316762571861
3672,0.9997620224482683
3673,0.04128228813853515
3674,0.99759046743381
3675,9.702223579292863e-05
3676,0.01570048716439708
3677,0.000204951029460984
3678,0.0024332499702214806
3679,0.002184503696611645
3680,0.032564521886845485
3681,0.7860608009148674
3682,0.9161275100245064
3683,0.999991318362998
3684,0.007205012370627266
3685,0.9993920915092126
3686,0.19468640009469848
3687,7.489136200430331e-05
3688,0.00016277778730403573
3689,0.002027413328235564
3690,0.41648265435691073
3691,0.9999971610758964
3692,7.199657100957165e-05
3693,0.9999523374973845
3694,0.0015574476958011639
3695,0.9954204574788488
3696,5.441523867271774e-05
3697,0.0002182948823328414
3698,0.9943585154476129
3699,0.2190162807997659
3700,0.9895715689589866
3701,0.8673490707499555
3702,3.120058349543045e-06
3703,0.8690094571777724
3704,8.386367445057446e-06
3705,2.4743320496550875e-05
3706,0.10837565201302031
3707,0.9999644272748541
3708,0.999996133706567
3709,0.0022650101093909607
3710,0.3050784211941814
3711,0.9990479684278742
3712,0.9756380576511919
3713,2.2623965103402746e-05
3714,0.0003556365223878722
3715,0.9999900704749569
3716,0.9994489214174136
3717,0.0007694920499360586
3718,0.0021874835081565074
3719,0.038600503516526365
3720,0.9636825346838582
3721,9.323472970521504e-06
3722,0.7983411858559761
3723,3.0790438751036724e-05
3724,0.9999497972059425
3725,0.9978796091328387
3726,0.9999451298814832
3727,0.0001652317206981539
3728,0.9999950205949726
3729,6.122924982332824e-05
3730,0.9985104976187239
3731,0.06043509283945411
3732,0.3914708577344663
3733,0.1919056634657068
3734,4.681433395374353e-05
3735,0.011216934446619337
3736,0.5148908194471283
3737,0.010900877832838204
3738,2.4293537472298095e-05
3739,0.0026974363722535822
3740,0.7117137412211777
3741,7.486320375666901e-05
3742,0.07780245563110723
3743,0.8489362095989644
3744,0.5738884845526482
3745,0.0014979008462468562
3746,4.121870417239743e-05
3747,0.00039471500815863996
3748,0.9997685764087952
3749,0.012876782363736256
3750,0.9843780867644859
3751,0.0015205613388572354
3752,0.9997118327765203
3753,5.541805671418344e-05
3754,0.00013753278515804218
3755,0.9944002652823402
3756,0.0010500732252485645
3757,0.008885680360975921
3758,0.8639506341303013
3759,4.224370763427099e-05
3760,0.004254614444974222
3761,9.336068411397532e-05
3762,0.9991443418815503
3763,2.802069059963214e-05
3764,0.9999493188668069
3765,0.0013435474208925815
3766,0.00010169025372437465
3767,0.9999159995410714
3768,0.9356556339701182
3769,0.9999706557020082
3770,0.9998747379163573
3771,6.165262911700704e-05
3772,0.026033556229315524
3773,0.1524793202754247
3774,0.9999573778710001
3775,0.00013179275170496077
3776,0.0003139044365351382
3777,0.9999972177754147
3778,0.00011349666391301327
3779,0.5946839083199638
3780,0.9999810893492553
3781,0.566499835920666
3782,0.9932314726853062
3783,0.00036704735666767197
3784,0.9999997464206859
3785,0.9863052326408653
3786,0.0006069210650619166
3787,0.03821964937699841
3788,4.1706197379929624e-05
3789,5.892360554920974e-05
3790,0.8009155578593489
3791,0.000267032365914155
3792,0.9999107702679989
3793,6.6372597105861855e-06
3794,0.0006944925500412087
3795,0.9993109015997261
3796,3.3999449595161e-05
3797,7.566851375078281e-05
3798,1.927405607285938e-05
3799,0.9999745899001332
3800,0.35913047767871564
3801,0.00015843657143032873
3802,0.9999950934747648
3803,0.9998739170168308
3804,1.5295347147851875e-05
3805,0.010846524574654036
3806,1.8161914814763728e-05
3807,1.4630709777001107e-05
3808,0.0006980055820581158
3809,2.2000006482348678e-05
3810,0.00018426590321593195
3811,0.9999924797640026
3812,0.017466293793655358
3813,0.9998118732194583
3814,0.9999693264977764
3815,0.0008378703147067242
3816,0.0002524909371745176
3817,0.9740512389906028
3818,0.167458527858593
3819,0.22576493117965968
3820,6.20434542266793e-05
3821,0.9582689107811286
3822,0.9986609758394008
3823,0.9997788889215469
3824,0.0011861490133713915
3825,0.9986638517396931
3826,0.6584600567828356
3827,8.768909534153057e-06
3828,0.5502910860921758
3829,0.9999890410138333
3830,0.00018081135456577582
3831,0.003726710550205572
3832,0.9999722871084142
3833,0.9999590264106814
3834,0.6246481152429297
3835,8.44456057174746e-05
3836,4.09913074417804e-05
3837,0.9958799018627466
3838,0.03831489227341225
3839,0.9997264333073449
3840,0.00014469787925788373
3841,0.030125596970562715
3842,0.998827993337847
3843,0.9997568481218697
3844,0.003105049433478701
3845,0.9230815635532459
3846,0.9984900954099126
3847,0.9997881777605596
3848,0.7708247289572431
3849,0.9999983118137534
3850,0.004947425097514342
3851,0.9956854569671537
3852,0.018216657276641655
3853,0.8239116412546721
3854,0.3392555621567517
3855,0.9999118659973759
3856,0.9999978976299406
3857,2.5616961622604994e-05
3858,0.9999355859955303
3859,0.0002452540751475429
3860,0.42595796245161893
3861,0.00012792972418729652
3862,0.02276516813135768
3863,0.9999679719871334
3864,0.5492927252195123
3865,0.02102630142747706
3866,0.9999624048179602
3867,0.00014221410273537377
3868,0.9997534664524999
3869,0.9836717498577665
3870,1.3328259853574602e-05
3871,0.9997078077671535
3872,0.9996339436955646
3873,4.4739392849841456e-05
3874,0.9590147241307405
3875,0.9999845453592577
3876,0.9999910672761111
3877,0.9759652511087461
3878,2.7160508838074365e-05
3879,0.3857204958662113
3880,0.0012680731397597057
3881,0.9992185546404082
3882,0.8846777794118105
3883,0.9995483555740239
3884,0.6519369990995402
3885,5.108490784563355e-06
3886,0.9989971722284192
3887,0.9999920494159391
3888,0.9992409878628148
3889,0.9999977744495842
3890,0.0002604507360219736
3891,6.20647589726269e-06
3892,0.9999816921381753
3893,0.9992316589614615
3894,0.9998167252558818
3895,2.0875007160126995e-06
3896,0.9997369428404014
3897,0.9999788084166124
3898,0.9999963597479297
3899,0.9852069232530092
3900,0.9999919642605277
3901,5.651150446399393e-05
3902,2.9180220081549795e-05
3903,0.0022782828373630382
3904,0.9982173942436842
3905,0.9996661869505384
3906,6.836922892765596e-05
3907,0.02025293696330778
3908,0.9997017817910333
3909,0.01372131284251854
3910,0.0051698146015861385
3911,0.011239837013523513
3912,0.9999976722445699
3913,0.002446429936195952
3914,0.0011801555839300536
3915,0.006966952709182058
3916,0.0006123654726129411
3917,0.2330822714839738
3918,0.10959743399394949
3919,0.999999469527565
3920,0.9999972168283942
3921,0.9999533499569029
3922,0.9813929007309886
3923,4.3814365177273e-06
3924,0.00024895037314369434
3925,0.9999834764135933
3926,1.0177145869587264e-05
3927,0.00014204734484143754
3928,0.9054591835271665
3929,0.9998707955475701
3930,0.00033638442876885046
3931,0.0001605671710835425
3932,0.999977274269113
3933,0.9963881653457609
3934,0.991237539891437
3935,0.9999844929929214
3936,0.996476547914815
3937,4.305408057544313e-05
3938,3.5805744559874836e-06
3939,0.999839584297357
3940,0.014153558975602087
3941,0.9997398008246899
3942,0.030938802825333706
3943,0.9999675140563741
3944,0.018844270902146163
3945,0.00015128345895062663
3946,0.0018635374189492427
3947,0.9998187663597986
3948,0.027470644156314235
3949,0.0289615345535961
3950,0.0003212882945407386
3951,0.8405706887055817
3952,0.9999957223973851
3953,7.961788859801712e-05
3954,0.99998525749597
3955,0.7566911082779209
3956,0.9964658037544193
3957,1.1137209161934541e-05
3958,0.9999012879579459
3959,9.393064050414216e-05
3960,0.0009802120888596894
3961,0.287117804505633
3962,0.0043709983686227765
3963,0.9997023538186367
3964,0.021355023188981456
3965,0.9904970468459801
3966,0.0028482578436649225
3967,0.9995276081168782
3968,0.4200289760938511
3969,0.0002600548474198094
3970,0.9085543046808232
3971,0.6304919788614757
3972,0.00013924062679120634
3973,0.9999545242336475
3974,0.9745002812873974
3975,2.8753936059896266e-05
3976,1.5223057052210947e-05
3977,0.00016619630893437056
3978,0.0013532450394162937
3979,4.0206542968315865e-05
3980,7.820594065824794e-05
3981,0.00016893094153297734
3982,0.05366214499839827
3983,0.0496188077525487
3984,0.8940480277444078
3985,0.0016949162253270455
3986,0.9987714798367043
3987,0.9997323802531223
3988,0.9971967667181149
3989,0.011667471320070516
3990,0.9989566975502108
3991,0.9997147351685914
3992,3.986087656931476e-05
3993,0.9923750775972835
3994,0.0006525041729467096
3995,0.9999915931321547
3996,0.9999942780037195
3997,0.9983128033201317
3998,0.9983995205567695
3999,0.01098631833556995
4000,8.219448530362947e-05
4001,0.9978965918346181
4002,0.9973022487867425
4003,0.18356977324132978
4004,0.46725599566148046
4005,0.9999933888866092
4006,0.9999961899931609
4007,0.9999792732647107
4008,0.9484832222921047
4009,0.00018578347942510012
4010,0.999988352930003
4011,0.0002462917819361053
4012,0.999976775072804
4013,0.9984240102352525
4014,0.9982816295188645
4015,0.1503819959112764
4016,0.013757449034431442
4017,0.5505599382494438
4018,0.9999828210081156
4019,0.00031777873813125995
4020,0.9998300089862013
4021,0.0007636006011425183
4022,0.9999885725019896
4023,0.9991789109925631
4024,0.6996153538442881
4025,0.9999916720284402
4026,0.0013362177078497578
4027,0.00022302472072377826
4028,0.9999940011248682
4029,0.006511296444040887
4030,0.9999612065350593
4031,0.9999868695849532
4032,0.8995973415210774
4033,0.9999765186565353
4034,0.9999963937557536
4035,0.927749884671476
4036,0.7125114918727714
4037,0.9999859474142204
4038,0.000971011540167468
4039,0.00028202477486059796
4040,0.13710511025842148
4041,0.1554707581954565
4042,0.0021052699936630606
4043,8.37665139759654e-05
4044,0.16782035802691042
4045,2.3519192048004435e-05
4046,1.0422378353319601e-05
4047,0.9925256533056018
4048,7.393711066440896e-05
4049,6.581342849884432e-06
4050,2.6757342767481433e-05
4051,0.9999615077820863
4052,0.9683824733218035
4053,0.9999482541832748
4054,6.927162069445682e-05
4055,0.22361259228067484
4056,0.999989831863786
4057,0.9863310908220494
4058,0.9997891526930153
4059,0.16413698777502797
4060,6.519895527883346e-05
4061,0.99981748043977
4062,3.450886299246567e-05
4063,0.0007077471075854979
4064,0.9999774079336639
4065,0.9699473653872579
4066,2.8906117871662474e-05
4067,0.9994849858576943
4068,0.9976132832854605
4069,0.9999503484850761
4070,0.9985824221364914
4071,0.9999611539841948
4072,0.9989124299963593
4073,0.4186885848039228
4074,0.9999961983333275
4075,0.0007240549426644679
4076,0.9998368856607848
4077,0.9998553230138953
4078,0.3908071478902357
4079,0.9807265379393303
4080,0.9999763958622131
4081,0.9999872470049207
4082,3.6089912729829938e-06
4083,0.7839053719468967
4084,0.999944292026115
4085,0.0002624109983157857
4086,0.0015192284720728934
4087,0.9999733085861775
4088,0.07997782737206548
4089,1.0126739457003703e-05
4090,0.608808840582338
4091,0.00010833549217110717
4092,0.999176109787487
4093,0.9999991865055639
4094,0.0004701790221569027
4095,0.9998493070890003
4096,0.36213924320728413
4097,0.9994996497724555
4098,4.697924592598074e-05
4099,9.278160701567942e-06
4100,1.8597353100000192e-06
4101,0.0005658039913182317
4102,0.018538421940713843
4103,0.9998682079080019
4104,0.10733006415089544
4105,2.6584106020684732e-06
4106,1.180179769983308e-05
4107,5.8071062773420766e-05
4108,0.9996791920389231
4109,0.009137137938547542
4110,0.9997571864823492
4111,0.9999295189907734
4112,0.9403231516804308
4113,0.9999525472321256
4114,0.0005808617508239698
4115,0.9990239411923318
4116,0.8976947006795818
4117,0.9997322177274769
4118,0.9999941959742108
4119,0.9735945139267216
4120,0.0001412064578755064
4121,0.9996899474020746
4122,0.35735212608104866
4123,0.9986831923354533
4124,0.7544281444142492
4125,0.9997222330807656
4126,0.865878964014466
4127,0.004298101672053585
4128,0.9708166088899383
4129,0.9992368299987272
4130,8.889976805231567e-05
4131,1.0890493081807925e-05
4132,0.6878300576033758
4133,0.010574047277482375
4134,0.08114595076313828
4135,0.999997967067544
4136,0.8127566859286401
4137,6.825411618274775e-05
4138,0.8288117397393546
4139,2.982331130475432e-05
4140,0.917433224444163
4141,0.0002018059470475505
4142,0.999997043951763
4143,0.019620247822873978
4144,0.999997741687436
4145,0.35125958319297895
4146,0.035907764311483625
4147,0.9999131817691135
4148,0.002665798367441239
4149,0.01651246776854613
4150,0.04975328720156426
4151,0.9911309498146329
4152,0.9997787798702932
4153,0.99999468979548
4154,0.9940594401596721
4155,0.004816525910609442
4156,0.0013239249329944076
4157,0.00030513442174905016
4158,2.0116611295259775e-05
4159,0.14989934852707207
4160,0.8716396663834163
4161,0.8629686794350346
4162,0.0012442783071190816
4163,0.0012017579173804194
4164,1.309179940498537e-05
4165,0.9999907785913739
4166,0.9999979168992074
4167,0.000705533526178651
4168,0.9999661205939193
4169,0.011426491585039169
4170,0.9866240792137646
4171,0.9999961299262881
4172,0.9831481655963318
4173,0.9119561095489661
4174,0.998595786129464
4175,4.893889073656534e-05
4176,0.005550633420360264
4177,4.244155368306609e-05
4178,0.023540883380922126
4179,0.0007187751396972068
4180,0.38816795554643985
4181,0.02871647772836878
4182,0.0005570622360992476
4183,0.7480333873998363
4184,0.9999979673102872
4185,0.9999277257845143
4186,0.99999874923015
4187,1.4642837031791368e-06
4188,0.9999889750763795
4189,2.3603524922867223e-06
4190,7.66517397757322e-05
4191,0.9998768769700277
4192,0.95172930795916
4193,0.6030776873800726
4194,0.2901872656432891
4195,0.0001800455752309207
4196,0.0002032245367643657
4197,0.0001975908564399816
4198,0.00011537775165411947
4199,0.0005052304532364541
4200,0.9999613615497003
4201,1.3062807462687294e-05
4202,0.0002817470094679986
4203,0.0010111183799713388
4204,0.999868205508248
4205,0.9999891929526065
4206,2.561483709274123e-05
4207,0.999902304364365
4208,8.207960822583283e-05
4209,0.9861089725282461
4210,0.918645087220923
4211,0.009601696418889616
4212,8.412768763158053e-05
4213,0.9883339343019749
4214,0.07410670456194363
4215,0.05131258296111403
4216,0.0004274834292302637
4217,0.9999618615833566
4218,9.44193699946692e-05
4219,0.9991588799367527
4220,0.0030701324146710806
4221,0.9986719036256098
4222,0.0021108946151251894
4223,0.00542935556706012
4224,0.9998943576579642
4225,0.6052732569739091
4226,0.8801429522331673
4227,0.9780045508033157
4228,0.9999807229251729
4229,1.9252882431650135e-05
4230,0.9999932978305943
4231,0.9999213178552452
4232,0.9999608620405535
4233,3.2656972571767453e-06
4234,0.0003296926030142721
4235,0.0003048524184948786
4236,0.000551236136965787
4237,0.9542241332907416
4238,3.346251557405852e-05
4239,9.1932644855348e-05
4240,1.5769449613524316e-05
4241,6.208950259664919e-06
4242,0.00010355503802115363
4243,0.9999434798714771
4244,0.9999782007093887
4245,4.491057414538162e-05
4246,0.5102572567206402
4247,0.9987847801064628
4248,0.9908527708679644
4249,0.004507668056137128
4250,0.16005128708888908
4251,0.9999830847926516
4252,0.9999948413580168
4253,0.999997100010112
4254,3.241814033046267e-05
4255,8.830094909463946e-05
4256,0.9999674415544513
4257,7.518893076121344e-05
4258,0.00015050200595131494
4259,8.034133313692172e-05
4260,0.00044840017953515904
4261,0.9884123211098652
4262,0.9999308824394867
4263,0.00039288765019878573
4264,0.0010721504206259575
4265,0.9975418572211209
4266,0.9999600163777265
4267,0.9973396889371634
4268,0.9629364430352101
4269,0.9995913575718893
4270,0.00014112125258828627
4271,0.9998501942835227
4272,8.604475631032033e-06
4273,0.9986906750742758
4274,0.6489370074445953
4275,0.3228826489033141
4276,1.3234865405720988e-05
4277,0.9999802462540764
4278,0.0008106287087031265
4279,0.9941941870732476
4280,1.543750984414412e-05
4281,0.00013881573125179095
4282,0.999479419907072
4283,0.9999843195070723
4284,0.0005265271594776664
4285,0.9998167324910417
4286,0.9999479105005106
4287,0.8150551180742404
4288,0.997154186964035
4289,0.9998750169604856
4290,0.009511891725068802
4291,0.049871232304733795
4292,0.9951509194211434
4293,0.00022867146636661138
4294,0.9999575506198891
4295,0.0018329410543577308
4296,0.0007896215374588607
4297,0.9644299185512222
4298,0.9999973641345354
4299,0.9999855856176519
4300,0.00013537889092044765
4301,9.697669800046065e-06
4302,0.0044277285183506356
4303,0.999954289696331
4304,0.9999892625237856
4305,0.5931937879648261
4306,0.999945260397413
4307,0.002124145986022491
4308,0.9999958879353148
4309,0.00017299957121347692
4310,0.9999575052948261
4311,0.9999847017992096
4312,0.004885127559818866
4313,0.9936332265976369
4314,0.9999157104860988
4315,0.023051840965246883
4316,0.9998726475216995
4317,0.04040470038622943
4318,0.00011471092856539369
4319,0.9999182911503799
4320,0.04692702959795343
4321,0.6739971700318126
4322,0.999703507041095
4323,0.001581400004351593
4324,2.6637383913517817e-05
4325,0.9997441020383983
4326,0.9999929024602578
4327,0.9950639986942488
4328,0.9993482210251543
4329,1.155375525743077e-05
4330,0.00028080406585211006
4331,0.9999856060825214
4332,0.9995825040187266
4333,0.9956359252555781
4334,0.9922883214706735
4335,0.00010930027623105118
4336,0.9995825791526358
4337,0.999949196740331
4338,0.9999975815596158
4339,0.05733466101253383
4340,0.00014931847526799245
4341,0.9999863524685457
4342,0.9999772879080063
4343,0.9992866148522253
4344,0.3209941170990997
4345,0.9999900027976582
4346,0.0002958702108549253
4347,0.9999677894410249
4348,0.0015164994327276705
4349,3.99574755661763e-05
4350,0.9954567205866885
4351,6.526314993741382e-06
4352,0.995003120951047
4353,0.9361829203671905
4354,0.9998916646058301
4355,0.10225140316028587
4356,1.522308767403398e-05
4357,0.6910085439865404
4358,0.9995372522064817
4359,0.00021089545286632192
4360,0.7715897019736063
4361,0.9999702884507286
4362,0.9998677816946382
4363,0.0003706129797905186
4364,0.9996140679826523
4365,0.0038335585887531703
4366,0.9999743409636505
4367,0.00010424842166880634
4368,0.7444194213395722
4369,8.19931044612003e-06
4370,0.00043063704583807595
4371,0.9378572143571279
4372,0.9991261499949979
4373,0.007765634625745492
4374,0.9987839047174987
4375,0.9933337793806032
4376,0.0455163558797901
4377,0.9969570299585828
4378,0.25960427873734826
4379,4.112693626025267e-05
4380,0.9928288849649544
4381,0.9777800981721501
4382,0.03711029589775341
4383,0.05742519680429587
4384,0.9872769946437305
4385,0.9995417561314435
4386,0.999464191376898
4387,0.000826046791043625
4388,0.9998934169114458
4389,4.2423104002022946e-05
4390,0.02727119157391658
4391,0.0011536300320436276
4392,0.9808192863752221
4393,0.9374907648778029
4394,1.5636567457787815e-05
4395,0.9999980171943466
4396,0.9999553022127313
4397,0.0003061222627678939
4398,7.978232897271957e-06
4399,6.55408507569434e-05
4400,0.999994830923421
4401,0.005485002568428929
4402,0.9999312276100971
4403,0.00048467380516234465
4404,0.9947505914640625
4405,0.003322368288015982
4406,0.9998330740619789
4407,7.15029782273724e-06
4408,0.9999766111783148
4409,0.005878977307907626
4410,0.0005830107731399415
4411,0.9999895732615564
4412,0.594560833619301
4413,0.004027432676803863
4414,0.193586294089242
4415,0.6331278439582866
4416,5.884005857070935e-05
4417,0.9989133522698738
4418,0.0007950059582282285
4419,0.9997325632490709
4420,0.7051639651425813
4421,0.9999652141253075
4422,0.0010708115142855517
4423,0.9999009847551802
4424,0.000599849857184816
4425,0.06607172332670647
4426,0.06013601456736605
4427,0.9999865985155162
4428,0.9997022000394783
4429,0.5313685220444778
4430,0.0001981813395713963
4431,0.9977678796107218
4432,0.8278843253632882
4433,0.002937447081072841
4434,0.0006994605142827102
4435,0.9999986549313771
4436,0.9997356462963252
4437,0.0014941093954935999
4438,0.9999968607545021
4439,0.9992123110099248
4440,0.9999121041029247
4441,0.9999163773218734
4442,1.7455467066584456e-05
4443,0.0006130864467229998
4444,0.0013930523022810271
4445,0.999921668473832
4446,0.9964377108768387
4447,2.2293610777863542e-05
4448,0.7209383182748901
4449,0.9999588114226824
4450,0.10614133573090712
4451,0.12011094255510729
4452,0.00010670158404794066
4453,0.08142763360798014
4454,1.2780871738988464e-05
4455,0.7822866454632654
4456,0.0003773375023432974
4457,0.9999958855008872
4458,0.9756181889085047
4459,0.9729771429827347
4460,2.6180004076092132e-05
4461,0.021730470301342616
4462,0.9999957176984011
4463,3.066181430024091e-05
4464,0.000801722521232038
4465,0.9998841940544833
4466,0.9999224239134821
4467,0.9999881664220674
4468,0.16715506058016663
4469,1.7979799181125708e-05
4470,0.9999291774490771
4471,0.006356415460110031
4472,0.9999100129430724
4473,0.9999968459809383
4474,0.9999735131441116
4475,0.0068053369813469156
4476,0.9781670999335151
4477,0.9995870867719899
4478,0.008033625691062663
4479,0.16765884357460759
4480,0.9999731124046564
4481,0.8998872105626611
4482,0.018636545394318534
4483,3.742047947118184e-05
4484,0.9991688344061544
4485,0.9999027835721239
4486,0.9996844505552598
4487,9.82533328394217e-06
4488,2.175957157909616e-05
4489,0.9999509037452001
4490,0.9999872573626106
4491,0.09262566243982465
4492,0.9999988552772067
4493,0.1788932646887756
4494,0.999999015306803
4495,0.9542823183093017
4496,0.999917575244264
4497,0.999395575822639
4498,0.9991355681759145
4499,0.0438955749975689
4500,0.9999852130038641
4501,0.9940693493579564
4502,3.493688704782473e-05
4503,0.027017404510779712
4504,6.271033445471091e-06
4505,0.9999534202350583
4506,0.010263032642376095
4507,0.07573587227447515
4508,0.9991405989169713
4509,0.00025840828360933893
4510,0.9603252171233366
4511,0.03509965569215467
4512,0.952319179969489
4513,0.0034503572986791134
4514,0.00034159593202023853
4515,0.0026171636753433165
4516,0.0009342093001868116
4517,0.8485643132776723
4518,0.9999978892495001
4519,0.9998738772788456
4520,0.9999962746185193
4521,0.9995288485478903
4522,0.6850663545482352
4523,0.9988831761658686
4524,0.2980072793457618
4525,0.9999292368172361
4526,0.9999552638543984
4527,0.9422799741326754
4528,0.9999966861565533
4529,0.0005796118907001705
4530,0.00028910345708390195
4531,0.033457092603079976
4532,6.897398401390988e-05
4533,0.9997374761088605
4534,0.47170868326590637
4535,0.9994628871744318
4536,0.057664674512139934
4537,6.521403795395854e-05
4538,0.9997118933685311
4539,0.9999329341643329
4540,3.232611449341467e-05
4541,0.0012720303238377506
4542,0.9999937562081344
4543,0.9999787805673211
4544,0.9999977502208792
4545,0.00031605462379771625
4546,0.00014606926951423325
4547,4.00079035014322e-05
4548,0.0008993599888087328
4549,0.00010987979726784968
4550,0.770291840503521
4551,0.0018962763160349188
4552,0.9582259790872413
4553,0.9998089692185835
4554,0.0974971165256895
4555,0.9422211912803042
4556,1.626887340361013e-05
4557,0.007708314516589768
4558,0.9993387396342458
4559,0.014522387153561446
4560,0.9998437737456776
4561,0.9999025634028595
4562,0.00029899891229458284
4563,0.9746068274977214
4564,0.9997763339267686
4565,8.345587435403329e-06
4566,0.9999803283869544
4567,0.017973488358224186
4568,0.6921810871784833
4569,0.0005138107392645935
4570,0.9998535757878169
4571,0.9318813528314909
4572,0.9965251787776773
4573,0.0007053565216405722
4574,0.999836494340976
4575,0.9999918725600916
4576,0.9999530843596254
4577,5.9657366870326336e-05
4578,5.080066313616372e-05
4579,0.9920661477806468
4580,0.9877655792189384
4581,0.7349270642734799
4582,0.7391387712790751
4583,8.15893851123056e-05
4584,0.9981239670320068
4585,0.003365769074418856
4586,0.9998368400573712
4587,0.9993609342794477
4588,0.01733499078685153
4589,0.00011917830989838255
4590,1.675141760604662e-05
4591,0.9997647882547223
4592,7.218628399455952e-05
4593,7.842270006166688e-05
4594,0.9998780358635758
4595,0.9993288175016305
4596,0.10428031914763375
4597,0.999939180605372
4598,0.9998426341349137
4599,0.7753769132025257
4600,2.843026338121664e-05
4601,0.9975801266501285
4602,0.9994699456007233
4603,0.17565758946897042
4604,0.002613311030841342
4605,0.00022905223908862925
4606,0.97652224058579
4607,0.9999775824018196
4608,0.03902655441189943
4609,0.007189868619967019
4610,0.9999910618181255
4611,0.9997442644182649
4612,0.9529783947256766
4613,0.9720411516624144
4614,0.9999552380912949
4615,0.9995800074160214
4616,8.210131658183937e-06
4617,0.5852549016862307
4618,6.913586628513738e-05
4619,0.9991515738241961
4620,0.9999725756338117
4621,0.9999961350069873
4622,0.9062168660984368
4623,0.9999987297345858
4624,0.9879561688088905
4625,7.969417752392315e-06
4626,0.04566755386545834
4627,9.998390575034178e-05
4628,3.979127233557858e-05
4629,0.9996023746064013
4630,0.012918809098929016
4631,7.829834236260242e-06
4632,0.9971379917481316
4633,0.9999922417746268
4634,0.12821328673852828
4635,0.9648957993563426
4636,0.9997866708898481
4637,0.9999915251873562
4638,4.123104190058451e-05
4639,0.00011875400506980073
4640,0.5631121250327431
4641,0.003852124095233433
4642,0.9999851340454653
4643,0.00012317169825947307
4644,0.9997888986339794
4645,0.9999971533825935
4646,1.0763142655486856e-05
4647,0.006949673909933851
4648,0.9999889089342351
4649,0.999236062197685
4650,0.0019141400547246698
4651,0.9952635869065889
4652,0.9998739243396768
4653,6.534049104351023e-06
4654,3.562510944842948e-05
4655,0.9577416537523576
4656,0.9999814161874699
4657,0.8508599109135084
4658,0.9999752009442225
4659,0.004009563360623108
4660,0.9999963071153496
4661,0.03355453943781997
4662,0.01862025888359414
4663,0.8854525287572754
4664,8.449250991771075e-05
4665,0.9420522970209747
4666,0.0001355849904297198
4667,0.9999828356159995
4668,0.99999688313126
4669,0.5137281445498977
4670,0.9968955520275697
4671,0.4530163767290622
4672,0.10936006600375198
4673,0.9991501800157615
4674,0.1448722350388761
4675,0.0002995095976025993
4676,0.9998423513843029
4677,0.0005550265636152855
4678,0.9999389051373333
4679,0.0732946694573299
4680,5.4441055791891265e-05
4681,0.999933946322132
4682,8.890452292450318e-06
4683,0.999973024959102
4684,2.1324182956368044e-05
4685,0.9243476818319956
4686,4.385186358490381e-05
4687,0.0001126821753590966
4688,0.3827822771204115
4689,0.05681474035745953
4690,0.9998969795326685
4691,4.28956933510059e-06
4692,0.031194806219082948
4693,0.9996128428532652
4694,0.0001009431314922121
4695,0.00023370384752502562
4696,0.0006136503188773433
4697,0.9998528944712636
4698,0.020986463226237078
4699,1.1066246474409401e-05
4700,1.533882466205246e-05
4701,0.9999500921133528
4702,0.9999225435387409
4703,0.9987844126106334
4704,0.999997810334057
4705,0.9978862427288131
4706,0.7574747014496858
4707,0.5135590715918412
4708,0.9999626990010503
4709,0.999960839330805
4710,0.9999182622454672
4711,0.9999962222446108
4712,0.004882076627659797
4713,0.9970635814294271
4714,0.9709870239871667
4715,0.003489807614824898
4716,0.9999623468238127
4717,5.582916254397122e-05
4718,0.9997594546427646
4719,0.9999192342890599
4720,1.9905134282315092e-05
4721,0.9992938323782393
4722,0.9879430897749383
4723,0.9999003708358626
4724,0.9981907609732524
4725,0.99836814590292
4726,0.93244557448616
4727,0.0002701199296170968
4728,0.0008306543504807592
4729,0.0007371405815775787
4730,1.8794951933084334e-05
4731,1.2767379041104891e-05
4732,0.9999970910639358
4733,0.9969663920850032
4734,0.9991025629921219
4735,0.999965636250055
4736,0.9998499423015882
4737,0.003888845898316711
4738,0.9999702992369556
4739,9.795469980677867e-05
4740,0.00029742094852162047
4741,0.9999919381763629
4742,0.9999515206856155
4743,0.00013716485616356843
4744,0.31187025641393296
4745,0.00010443898068046456
4746,0.9704733976964275
4747,8.236255099090993e-05
4748,0.10290315900365406
4749,0.0011885041097387259
4750,0.9977672882735567
4751,0.9988003835443106
4752,0.9991992275716595
4753,0.009205890569894392
4754,2.8297601806179617e-06
4755,0.9997503696882342
4756,0.0662466690546877
4757,0.9998746070635911
4758,0.0043533971633075656
4759,0.9999428773736241
4760,0.48245097828397965
4761,7.185850652038688e-06
4762,0.9994443898881217
4763,1.9563047138828484e-05
4764,0.9998824754633718
4765,0.999999063512267
4766,0.9999138814431336
4767,0.9993509796309213
4768,0.999749116783622
4769,0.9884106128092768
4770,0.9983106040559768
4771,0.999910364439825
4772,0.9876772948121926
4773,0.0005120454201988972
4774,0.9852158925705627
4775,0.0005727701298589963
4776,0.0037478123511341544
4777,0.9998611620221618
4778,0.9841216906839846
4779,0.01933143274744554
4780,0.23945924820058184
4781,3.9948023450461805e-05
4782,0.9996990896012791
4783,0.9856369192143325
4784,0.9997573417800466
4785,0.9296129698904063
4786,0.9994110653905567
4787,6.0016294896957076e-05
4788,0.0002086276285338181
4789,2.1890003662320967e-06
4790,0.9998567086587689
4791,0.0004661576347180709
4792,0.02149623523740515
4793,0.9999834690512743
4794,0.9999942322487361
4795,0.9999606111975088
4796,0.9999569031924971
4797,0.9999979262976818
4798,0.999972379913422
4799,0.0001130565745532925
4800,0.00014585397882967586
4801,0.9999380474294257
4802,0.9999974171236196
4803,0.8883075157046466
4804,0.9999111729091787
4805,0.9771284112341877
4806,0.9997112818994383
4807,0.00010077411864243513
4808,0.9999359519498114
4809,0.001426678490165019
4810,0.00033744320158648474
4811,0.01666143309557465
4812,0.9999900756202191
4813,0.9999497555286948
4814,0.014767783592520295
4815,0.01278101080635823
4816,0.5147651039545494
4817,0.0018803239018485025
4818,0.8435251000570495
4819,1.51966216207158e-05
4820,0.9509146040705057
4821,0.9792651098585842
4822,0.9956987841670119
4823,0.7754820841321588
4824,0.9949384419232352
4825,0.999992917740947
4826,0.004909212456196612
4827,0.9993376499126848
4828,0.0002675514929478758
4829,0.9999700637817888
4830,0.000565036382937732
4831,0.01114055410602837
4832,4.237245097330377e-06
4833,0.9999958058910332
4834,0.9999909829014554
4835,0.9998191628831923
4836,0.9999696579291356
4837,0.9999979906179866
4838,0.13566776114801837
4839,0.0005067335310627927
4840,0.0015874351561449606
4841,0.015862515033317228
4842,0.9999450850690282
4843,0.9999232602072706
4844,0.9994901905955862
4845,0.9999099152184951
4846,0.0013703027785650545
4847,1.800281056076747e-05
4848,7.688576340022936e-05
4849,0.8649613263216741
4850,0.9999809430050839
4851,0.9994737235439799
4852,0.001812390837666316
4853,0.9999955965707799
4854,0.9999509220422124
4855,0.9999695161819668
4856,7.424686011283723e-05
4857,6.349892791724808e-05
4858,0.999987425694831
4859,0.8394553701465213
4860,0.9988081743941557
4861,0.9999764585378973
4862,0.9996546246316111
4863,0.999933230506806
4864,0.00020517538041585034
4865,0.9999196380567476
4866,0.0009669008295907443
4867,0.4899232515746461
4868,0.9857220437450551
4869,0.944599394462898
4870,0.9983943922605946
4871,2.037060841445364e-05
4872,0.04577124951806477
4873,0.9997857165995241
4874,0.9991639833357231
4875,0.8212526830790409
4876,4.70977123217393e-05
4877,0.9971856724386168
4878,5.2963765366984357e-05
4879,2.701877275806067e-05
4880,0.9995184079252297
4881,0.9745960721936402
4882,0.9997431695415742
4883,0.9998651919957603
4884,0.951978720928726
4885,0.001257378377459878
4886,0.00030468203986184605
4887,0.9277869149990509
4888,0.999833438544699
4889,0.48127789334019816
4890,0.16064464738181428
4891,0.02345110304283595
4892,0.9998631964270763
4893,1.986360188076327e-05
4894,0.99992900484969
4895,0.9997522257033522
4896,0.9979723407226262
4897,0.0011931168276930102
4898,0.9651592613507572
4899,4.942126318886627e-05
4900,0.4156573123655987
4901,0.05537579873152887
4902,0.5250488342799283
4903,0.003313281990592879
4904,0.0006436188052482427
4905,0.004015553284277085
4906,3.840940197647331e-05
4907,0.9980387184404778
4908,0.9999871458566927
4909,0.00031784529733921995
4910,0.35072788594167303
4911,0.9999931892150091
4912,0.9997539648379833
4913,2.6694094466476714e-05
4914,0.999994063781062
4915,0.9469235196623174
4916,0.9973883413685538
4917,0.0010167869009583294
4918,0.999993308233505
4919,6.946644578969279e-05
4920,0.9999988040365385
4921,0.43287372057444096
4922,0.9990976783060224
4923,0.0002268077398632713
4924,0.9805609253996818
4925,0.882876524898983
4926,0.0015475617013795825
4927,0.5316772632703202
4928,0.0003661794523194008
4929,0.00011001304744498
4930,0.9999976566906781
4931,0.007189304923713993
4932,0.03212877361957846
4933,0.00602414535537239
4934,0.9999284202647355
4935,0.9863795198329024
4936,0.0008418217621957309
4937,0.9999889623016458
4938,0.0007031463170873642
4939,0.999530257929638
4940,0.9596545859053196
4941,0.000757985427556983
4942,0.013092932861470057
4943,0.004735732890733751
4944,0.9999375294680188
4945,9.395372610202161e-05
4946,0.999381235369921
4947,0.9980705195053636
4948,0.9999835522659316
4949,0.10830267778864018
4950,0.9998572580202971
4951,0.9999836800991261
4952,0.9997393731723789
4953,0.0015988195846109445
4954,0.9786340617731197
4955,0.00037633560464685954
4956,0.5782749509154124
4957,0.9999353640825295
4958,0.0025347568354939422
4959,0.9999659615271798
4960,0.9998434704942787
4961,0.9999963985937733
4962,0.00020956217308141272
4963,0.9491439694075549
4964,0.941753730070176
4965,6.4324740141650365e-06
4966,0.9999308832389047
4967,0.0004156537494583004
4968,3.79426252745297e-05
4969,6.977366844662395e-06
4970,9.313126894509314e-05
4971,0.01977009770051973
4972,0.9923578915264984
4973,0.9999910049884703
4974,0.00017742900737398047
4975,0.9995383330783872
4976,0.6587488161474242
4977,0.9997624934191918
4978,0.5132345299522377
4979,0.006433382502878472
4980,0.00016326820045146567
4981,0.9952573132840897
4982,0.9982900640118456
4983,0.9999255455671145
4984,0.9612407590271445
4985,0.0004379074368192191
4986,6.322208243376497e-05
4987,0.999993913268778
4988,0.0030577495201989566
4989,0.6521306055138482
4990,0.00040382134362467527
4991,5.064887980865709e-05
4992,0.9684041546833868
4993,0.999625878417903
4994,0.06835577344587539
4995,0.9999575156540441
4996,0.0005179579310010147
4997,0.0004971161875068708
4998,0.15441354833754914
4999,1.3581320436078601e-06
